{
  "features": [
    {
      "type": "Feature",
      "properties": {
        "id": 49,
        "name": "1 Mai",
        "line": "M4"
      },
      "geometry": {
        "coordinates": [
          26.050627,
          44.470534,
          91.580843
        ],
        "type": "Point"
      },
      "id": "0598478d0b02151caba0b3d7813a2df9"
    },
    {
      "type": "Feature",
      "properties": {
        "line": "M1",
        "end1": 8,
        "end2": 9
      },
      "geometry": {
        "coordinates": [
          [
            26.068367,
            44.450738,
            81.30971
          ],
          [
            26.067905,
            44.451043,
            81.163368
          ],
          [
            26.067442,
            44.451348,
            82.027262
          ],
          [
            26.06698,
            44.451654,
            82.243572
          ],
          [
            26.066518,
            44.451959,
            82.824786
          ],
          [
            26.066449,
            44.452005,
            82.818758
          ],
          [
            26.065983,
            44.452308,
            82.908
          ],
          [
            26.065517,
            44.45261,
            83.139381
          ],
          [
            26.065113,
            44.452873,
            83.217376
          ],
          [
            26.064642,
            44.453172,
            82.014516
          ],
          [
            26.064171,
            44.45347,
            82.267368
          ],
          [
            26.0637,
            44.453769,
            82.44579
          ],
          [
            26.063669,
            44.453789,
            82.41606
          ],
          [
            26.063213,
            44.4541,
            82.844945
          ],
          [
            26.062787,
            44.454391,
            83.830236
          ],
          [
            26.062441,
            44.454633,
            82.448759
          ],
          [
            26.062264,
            44.454694,
            82.07706
          ],
          [
            26.061955,
            44.454752,
            82.416103
          ],
          [
            26.061608,
            44.454781,
            83.34972
          ],
          [
            26.061371,
            44.454781,
            83.626441
          ],
          [
            26.06101,
            44.454747,
            84.103441
          ],
          [
            26.060691,
            44.454672,
            84.798271
          ],
          [
            26.060188,
            44.454558,
            86.62764
          ],
          [
            26.059604,
            44.454391,
            87.839295
          ],
          [
            26.059025,
            44.454225,
            86.491247
          ],
          [
            26.058427,
            44.454083,
            85.830316
          ],
          [
            26.058226,
            44.454036,
            84.796326
          ],
          [
            26.057645,
            44.453946,
            83.946322
          ],
          [
            26.05716,
            44.45391,
            83.12186
          ],
          [
            26.056534,
            44.453858,
            79.377539
          ],
          [
            26.055908,
            44.453806,
            81.198554
          ],
          [
            26.055282,
            44.453754,
            83.067237
          ],
          [
            26.054861,
            44.453719,
            84.939398
          ],
          [
            26.054235,
            44.453667,
            85.74704
          ],
          [
            26.053609,
            44.453616,
            85.139527
          ],
          [
            26.052983,
            44.453564,
            82.766037
          ],
          [
            26.052358,
            44.453512,
            84.608122
          ],
          [
            26.052015,
            44.453484,
            85.208975
          ],
          [
            26.051391,
            44.453422,
            83.206014
          ],
          [
            26.050767,
            44.45336,
            82.398766
          ],
          [
            26.050143,
            44.453299,
            81.624612
          ],
          [
            26.049567,
            44.453242,
            80.155495
          ],
          [
            26.049078,
            44.453174,
            79.348562
          ],
          [
            26.048776,
            44.453099,
            79.379548
          ],
          [
            26.048568,
            44.452994,
            79.070366
          ],
          [
            26.048395,
            44.452849,
            78.441456
          ],
          [
            26.04796,
            44.452523,
            79.538016
          ],
          [
            26.047525,
            44.452198,
            80.046898
          ],
          [
            26.047505,
            44.452183,
            80.094168
          ],
          [
            26.047135,
            44.45191,
            80.887391
          ]
        ],
        "type": "LineString"
      },
      "id": "07c9e42a96d13b687ed7b3d69647570c"
    },
    {
      "type": "Feature",
      "properties": {
        "id": 29,
        "name": "Piața Unirii 2",
        "line": "M2"
      },
      "geometry": {
        "coordinates": [
          26.104083,
          44.42776,
          75.712272
        ],
        "type": "Point"
      },
      "id": "08cee06d567654c31c873710d3cdd808"
    },
    {
      "type": "Feature",
      "properties": {
        "id": 38,
        "name": "Preciziei",
        "line": "M3"
      },
      "geometry": {
        "coordinates": [
          25.990966,
          44.430584,
          89.445501
        ],
        "type": "Point"
      },
      "id": "09ce35491f8ecc02b940eaaefe380126"
    },
    {
      "type": "Feature",
      "properties": {
        "line": "M1",
        "end1": 7,
        "end2": 8
      },
      "geometry": {
        "coordinates": [
          [
            26.076558,
            44.447232,
            82.33698
          ],
          [
            26.07599,
            44.447426,
            83.4455
          ],
          [
            26.075422,
            44.44762,
            85.148065
          ],
          [
            26.074854,
            44.447815,
            85.122269
          ],
          [
            26.074629,
            44.447892,
            83.246794
          ],
          [
            26.074087,
            44.448121,
            81.239948
          ],
          [
            26.074061,
            44.448132,
            81.150999
          ],
          [
            26.073515,
            44.448357,
            81.160976
          ],
          [
            26.073253,
            44.448465,
            82.117929
          ],
          [
            26.072703,
            44.448685,
            81.380576
          ],
          [
            26.072154,
            44.448905,
            80.66607
          ],
          [
            26.071605,
            44.449126,
            82.274525
          ],
          [
            26.071549,
            44.449148,
            82.193196
          ],
          [
            26.071004,
            44.449373,
            81.318135
          ],
          [
            26.070459,
            44.449599,
            80.229853
          ],
          [
            26.069914,
            44.449824,
            81.073722
          ],
          [
            26.06991,
            44.449826,
            81.078596
          ],
          [
            26.069417,
            44.450071,
            81.9
          ],
          [
            26.068949,
            44.450371,
            81.282509
          ],
          [
            26.06848,
            44.450672,
            81.484074
          ],
          [
            26.068371,
            44.450743,
            81.332709
          ]
        ],
        "type": "LineString"
      },
      "id": "0dd0259e92d18ebe8150abe71e33748d"
    },
    {
      "type": "Feature",
      "properties": {
        "id": 10,
        "name": "Petrache Poenaru",
        "line": "M1"
      },
      "geometry": {
        "coordinates": [
          26.046546,
          44.445419,
          71.921246
        ],
        "type": "Point"
      },
      "id": "1172384b5bfc0bed47a2cef51ff9dfeb"
    },
    {
      "type": "Feature",
      "properties": {
        "id": 25,
        "name": "Aviatorilor",
        "line": "M2"
      },
      "geometry": {
        "coordinates": [
          26.086633,
          44.466034,
          82.468079
        ],
        "type": "Point"
      },
      "id": "12268e0a74047b7a809537faad42f8d0"
    },
    {
      "type": "Feature",
      "properties": {
        "line": "M4",
        "end1": 50,
        "end2": 51
      },
      "geometry": {
        "coordinates": [
          [
            26.041535,
            44.481549,
            87.736593
          ],
          [
            26.041236,
            44.481945,
            88.860571
          ],
          [
            26.040937,
            44.482341,
            87.110713
          ],
          [
            26.040638,
            44.482736,
            86.632643
          ],
          [
            26.040339,
            44.483132,
            89.031076
          ],
          [
            26.04031,
            44.483171,
            89.225385
          ],
          [
            26.039993,
            44.483559,
            91.394101
          ],
          [
            26.039676,
            44.483948,
            93.449294
          ],
          [
            26.039358,
            44.484337,
            94.543843
          ],
          [
            26.039041,
            44.484725,
            93.58192
          ],
          [
            26.038724,
            44.485114,
            89.816598
          ],
          [
            26.038626,
            44.485235,
            89.60482
          ],
          [
            26.038334,
            44.485634,
            90.608677
          ],
          [
            26.038043,
            44.486032,
            92.003365
          ],
          [
            26.037994,
            44.4861,
            92.204162
          ],
          [
            26.037684,
            44.486491,
            92.697567
          ],
          [
            26.037575,
            44.486629,
            93.382637
          ]
        ],
        "type": "LineString"
      },
      "id": "12565bc27c37dda79517174b0a324d24"
    },
    {
      "type": "Feature",
      "properties": {
        "id": 45,
        "name": "Anghel Saligny",
        "line": "M3"
      },
      "geometry": {
        "coordinates": [
          26.208918,
          44.405383,
          66.3349
        ],
        "type": "Point"
      },
      "id": "134c905e44e9bd7ee708b18fc3a618fa"
    },
    {
      "type": "Feature",
      "properties": {
        "line": "M1",
        "end1": 1,
        "end2": 2
      },
      "geometry": {
        "coordinates": [
          [
            26.139548,
            44.420091,
            72.377621
          ],
          [
            26.139401,
            44.420528,
            73.559171
          ],
          [
            26.139253,
            44.420965,
            76.850511
          ],
          [
            26.139164,
            44.42123,
            77.150466
          ],
          [
            26.139003,
            44.421665,
            78.023917
          ],
          [
            26.138842,
            44.4221,
            77.636464
          ],
          [
            26.138819,
            44.422163,
            77.421169
          ],
          [
            26.138615,
            44.422588,
            75.412149
          ],
          [
            26.13841,
            44.423013,
            76.588272
          ],
          [
            26.13834,
            44.423159,
            76.825609
          ],
          [
            26.138144,
            44.423586,
            76.845056
          ],
          [
            26.13811,
            44.42366,
            76.890701
          ],
          [
            26.138009,
            44.424104,
            75.559599
          ],
          [
            26.13795,
            44.424364,
            74.78081
          ],
          [
            26.137883,
            44.424811,
            74.594733
          ],
          [
            26.137868,
            44.42491,
            74.859845
          ],
          [
            26.137866,
            44.42536,
            75.543384
          ],
          [
            26.137865,
            44.425529,
            74.732411
          ],
          [
            26.137919,
            44.425977,
            73.070991
          ],
          [
            26.137922,
            44.426009,
            73.190284
          ],
          [
            26.138,
            44.426362,
            75.116818
          ],
          [
            26.138119,
            44.426804,
            76.849289
          ],
          [
            26.138182,
            44.427039,
            76.107989
          ],
          [
            26.138304,
            44.42748,
            75.610082
          ],
          [
            26.138321,
            44.427541,
            75.702749
          ],
          [
            26.138452,
            44.427868,
            76
          ],
          [
            26.138658,
            44.428293,
            75.494565
          ],
          [
            26.138864,
            44.428718,
            75.942598
          ],
          [
            26.138925,
            44.428845,
            76
          ],
          [
            26.139092,
            44.429279,
            76.299223
          ],
          [
            26.139134,
            44.429388,
            76.45931
          ],
          [
            26.139182,
            44.429815,
            76.841083
          ],
          [
            26.139177,
            44.430122,
            77.648846
          ],
          [
            26.139153,
            44.430508,
            76.54747
          ],
          [
            26.139058,
            44.430899,
            75.521512
          ],
          [
            26.138895,
            44.431328,
            76.319453
          ],
          [
            26.138702,
            44.431756,
            76.09537
          ],
          [
            26.13867,
            44.431828,
            76.048836
          ]
        ],
        "type": "LineString"
      },
      "id": "15e4a8e6937c74f6f04046d082c2043d"
    },
    {
      "type": "Feature",
      "properties": {
        "line": "M5",
        "end1": 60,
        "end2": 63
      },
      "geometry": {
        "coordinates": [
          [
            26.024608,
            44.422987,
            92.847743
          ],
          [
            26.023989,
            44.422904,
            92.829989
          ],
          [
            26.023471,
            44.422835,
            91.569842
          ],
          [
            26.022871,
            44.422698,
            91.135953
          ],
          [
            26.022727,
            44.422665,
            91.289599
          ],
          [
            26.022183,
            44.42244,
            94.639007
          ],
          [
            26.022161,
            44.422431,
            94.82649
          ],
          [
            26.021898,
            44.422271,
            96.629373
          ],
          [
            26.021556,
            44.422034,
            96.88024
          ],
          [
            26.02123,
            44.421759,
            94.627691
          ],
          [
            26.020957,
            44.421514,
            93.792016
          ],
          [
            26.020776,
            44.421372,
            92.314704
          ],
          [
            26.020442,
            44.421208,
            89.519467
          ],
          [
            26.020095,
            44.421102,
            88.159672
          ],
          [
            26.01973,
            44.421025,
            88.542035
          ],
          [
            26.019292,
            44.421009,
            88.877149
          ],
          [
            26.018678,
            44.42105,
            88.663639
          ],
          [
            26.018055,
            44.421115,
            88.689376
          ],
          [
            26.017556,
            44.421167,
            89.426953
          ],
          [
            26.016929,
            44.421214,
            91.81867
          ],
          [
            26.016884,
            44.421217,
            91.868854
          ],
          [
            26.016254,
            44.421226,
            90.102046
          ],
          [
            26.01622,
            44.421227,
            89.912859
          ],
          [
            26.015878,
            44.421204,
            88.197147
          ],
          [
            26.015251,
            44.421163,
            87.688099
          ],
          [
            26.014624,
            44.421122,
            89.082927
          ],
          [
            26.014438,
            44.42111,
            89.187572
          ]
        ],
        "type": "LineString"
      },
      "id": "1698b746015b98dddc0fe4e31cc1c405"
    },
    {
      "type": "Feature",
      "properties": {
        "line": "M1",
        "end1": 18,
        "end2": 19
      },
      "geometry": {
        "coordinates": [
          [
            26.160615,
            44.41357,
            71.350615
          ],
          [
            26.161238,
            44.41351,
            70.813952
          ],
          [
            26.161862,
            44.41345,
            69.843028
          ],
          [
            26.162159,
            44.413421,
            69.973884
          ],
          [
            26.162518,
            44.413402,
            71.173874
          ],
          [
            26.1629,
            44.413466,
            72.231354
          ],
          [
            26.163368,
            44.413586,
            71.716741
          ],
          [
            26.163631,
            44.413684,
            71.311128
          ],
          [
            26.164012,
            44.413897,
            72.257735
          ],
          [
            26.164244,
            44.41415,
            72.345402
          ],
          [
            26.164521,
            44.41452,
            71.219283
          ],
          [
            26.164717,
            44.41487,
            70.837721
          ],
          [
            26.164845,
            44.415311,
            69.967484
          ],
          [
            26.164904,
            44.415515,
            69.645831
          ],
          [
            26.164868,
            44.415964,
            70.416318
          ],
          [
            26.164863,
            44.416034,
            70.626188
          ],
          [
            26.164812,
            44.416482,
            72.188225
          ],
          [
            26.164761,
            44.41693,
            73.76228
          ],
          [
            26.164743,
            44.417085,
            73.541832
          ],
          [
            26.164739,
            44.417535,
            72.134434
          ],
          [
            26.164736,
            44.417926,
            72
          ],
          [
            26.164655,
            44.418372,
            72.353436
          ],
          [
            26.164581,
            44.418783,
            72.489009
          ],
          [
            26.164474,
            44.419226,
            73.772474
          ],
          [
            26.164366,
            44.419669,
            74.915166
          ],
          [
            26.164277,
            44.420039,
            75.792305
          ],
          [
            26.164164,
            44.420482,
            76.624605
          ],
          [
            26.16405,
            44.420924,
            73.960686
          ],
          [
            26.163937,
            44.421366,
            72.600809
          ],
          [
            26.163824,
            44.421809,
            74.397357
          ],
          [
            26.163711,
            44.422251,
            76.784059
          ],
          [
            26.163598,
            44.422693,
            77.82705
          ],
          [
            26.163485,
            44.423136,
            79.001585
          ],
          [
            26.163372,
            44.423578,
            78.299558
          ],
          [
            26.163271,
            44.423972,
            74.822755
          ],
          [
            26.163138,
            44.424411,
            71.528005
          ],
          [
            26.163006,
            44.424851,
            70.552289
          ],
          [
            26.162873,
            44.425291,
            71.765814
          ],
          [
            26.16274,
            44.42573,
            73.463108
          ],
          [
            26.16272,
            44.425798,
            73.626328
          ]
        ],
        "type": "LineString"
      },
      "id": "19e9ff279e99514625e27ac9cd1fc826"
    },
    {
      "type": "Feature",
      "properties": {
        "id": 17,
        "name": "Dristor 1",
        "line": "M1/M3"
      },
      "geometry": {
        "coordinates": [
          26.140443,
          44.419369,
          73.4952
        ],
        "type": "Point"
      },
      "id": "1a6d8221893d4c0e8640bf3eb595f263"
    },
    {
      "type": "Feature",
      "properties": {
        "line": "M2",
        "end1": 23,
        "end2": 24
      },
      "geometry": {
        "coordinates": [
          [
            26.11665,
            44.480609,
            85.996659
          ],
          [
            26.116063,
            44.480446,
            85.637858
          ],
          [
            26.115475,
            44.480283,
            84.092482
          ],
          [
            26.114888,
            44.48012,
            87.016422
          ],
          [
            26.1143,
            44.479958,
            87.490062
          ],
          [
            26.113784,
            44.479814,
            88.123956
          ],
          [
            26.113196,
            44.479653,
            88.861776
          ],
          [
            26.112608,
            44.479491,
            86.996233
          ],
          [
            26.11202,
            44.479329,
            86.377431
          ],
          [
            26.111432,
            44.479168,
            87.161744
          ],
          [
            26.110951,
            44.479035,
            86.740921
          ],
          [
            26.11037,
            44.478861,
            88.412313
          ],
          [
            26.109789,
            44.478688,
            89.483153
          ],
          [
            26.109278,
            44.478535,
            88.802256
          ],
          [
            26.108704,
            44.478447,
            89.090231
          ],
          [
            26.108079,
            44.478391,
            88.935647
          ],
          [
            26.107982,
            44.478382,
            88.99986
          ],
          [
            26.107352,
            44.47837,
            89.883527
          ],
          [
            26.107087,
            44.478365,
            89.875047
          ],
          [
            26.106458,
            44.478349,
            89.574106
          ],
          [
            26.105947,
            44.478336,
            88.086456
          ],
          [
            26.105364,
            44.478423,
            85.802404
          ],
          [
            26.104862,
            44.478681,
            84.421293
          ],
          [
            26.104332,
            44.478923,
            84.687087
          ],
          [
            26.103927,
            44.479108,
            84.581837
          ],
          [
            26.103525,
            44.479196,
            84.783943
          ],
          [
            26.102902,
            44.479264,
            83.464296
          ],
          [
            26.102712,
            44.479284,
            82.742172
          ],
          [
            26.102086,
            44.479336,
            82.260843
          ],
          [
            26.101867,
            44.479354,
            82.241005
          ],
          [
            26.101242,
            44.479299,
            80.749587
          ],
          [
            26.10094,
            44.479272,
            80.813948
          ],
          [
            26.100326,
            44.479172,
            79.976216
          ],
          [
            26.100226,
            44.479155,
            79.822223
          ]
        ],
        "type": "LineString"
      },
      "id": "1ecc2850baf184bf60d38d8d2398a2a3"
    },
    {
      "type": "Feature",
      "properties": {
        "line": "M1/M3",
        "end1": 13,
        "end2": 14
      },
      "geometry": {
        "coordinates": [
          [
            26.089595,
            44.433063,
            71.654592
          ],
          [
            26.090222,
            44.433024,
            72.437923
          ],
          [
            26.09085,
            44.432984,
            73.755113
          ],
          [
            26.091058,
            44.432971,
            73.328055
          ],
          [
            26.091678,
            44.432895,
            70.095026
          ],
          [
            26.092033,
            44.432851,
            67.608442
          ],
          [
            26.092615,
            44.43268,
            65.489193
          ],
          [
            26.09289,
            44.432599,
            67.903772
          ],
          [
            26.093355,
            44.43234,
            71.94604
          ],
          [
            26.093749,
            44.431989,
            74.004698
          ],
          [
            26.094143,
            44.431638,
            75.65554
          ],
          [
            26.094537,
            44.431287,
            74.301523
          ],
          [
            26.094856,
            44.431003,
            73.243871
          ],
          [
            26.095245,
            44.430649,
            73.541039
          ],
          [
            26.095633,
            44.430295,
            72.576297
          ],
          [
            26.09592,
            44.430032,
            72.2865
          ],
          [
            26.096058,
            44.429886,
            72.048467
          ],
          [
            26.096339,
            44.429649,
            71.423325
          ],
          [
            26.096763,
            44.429482,
            73.177711
          ],
          [
            26.097064,
            44.429427,
            76.111178
          ],
          [
            26.09756,
            44.429365,
            77.475388
          ],
          [
            26.098187,
            44.429325,
            77.976998
          ],
          [
            26.098814,
            44.429286,
            78.686593
          ],
          [
            26.099184,
            44.429263,
            76.937826
          ],
          [
            26.099806,
            44.429193,
            76.908391
          ],
          [
            26.099868,
            44.429186,
            76.676816
          ],
          [
            26.100231,
            44.429051,
            76.268955
          ],
          [
            26.10064,
            44.428858,
            76.789159
          ],
          [
            26.100941,
            44.428668,
            75.008582
          ],
          [
            26.101237,
            44.428417,
            73.272563
          ],
          [
            26.101546,
            44.428025,
            71.920824
          ],
          [
            26.101855,
            44.427633,
            70.667195
          ],
          [
            26.101928,
            44.427541,
            70.603371
          ]
        ],
        "type": "LineString"
      },
      "id": "1f0db82e733ffc16a7264dce77c67249"
    },
    {
      "type": "Feature",
      "properties": {
        "id": 41,
        "name": "Lujerului",
        "line": "M3"
      },
      "geometry": {
        "coordinates": [
          26.032582,
          44.434385,
          90.575183
        ],
        "type": "Point"
      },
      "id": "22427cc9649b4169a8b54ed2be18128c"
    },
    {
      "type": "Feature",
      "properties": {
        "line": "M5",
        "end1": 60,
        "end2": 61
      },
      "geometry": {
        "coordinates": [
          [
            26.024607,
            44.422987,
            92.849824
          ],
          [
            26.023989,
            44.4229,
            92.845712
          ],
          [
            26.023763,
            44.422868,
            92.46277
          ],
          [
            26.023763,
            44.422868,
            92.46277
          ],
          [
            26.023402,
            44.422786,
            91.357816
          ],
          [
            26.022999,
            44.422647,
            91.066046
          ],
          [
            26.022498,
            44.422453,
            92.917419
          ],
          [
            26.022192,
            44.422318,
            95.435874
          ],
          [
            26.021934,
            44.422158,
            96.947373
          ],
          [
            26.021516,
            44.421864,
            95.689066
          ],
          [
            26.021264,
            44.421656,
            93.758192
          ],
          [
            26.020869,
            44.421306,
            91.922413
          ],
          [
            26.020808,
            44.421252,
            91.280354
          ],
          [
            26.020549,
            44.420959,
            88.78253
          ],
          [
            26.02036,
            44.420623,
            87.216763
          ],
          [
            26.02027,
            44.420356,
            87.025237
          ],
          [
            26.020212,
            44.420108,
            87.702117
          ],
          [
            26.0202,
            44.419929,
            87.830386
          ],
          [
            26.020208,
            44.419668,
            87.9
          ],
          [
            26.020267,
            44.419262,
            87.94036
          ],
          [
            26.020285,
            44.419118,
            87.870932
          ]
        ],
        "type": "LineString"
      },
      "id": "232c3b83e982f48c1ec67b50399edfd2"
    },
    {
      "type": "Feature",
      "properties": {
        "line": "M1",
        "end1": 4,
        "end2": 5
      },
      "geometry": {
        "coordinates": [
          [
            26.124619,
            44.449422,
            82.553967
          ],
          [
            26.124256,
            44.44979,
            83.98913
          ],
          [
            26.124111,
            44.449937,
            84.577526
          ],
          [
            26.12377,
            44.450191,
            85.355468
          ],
          [
            26.123433,
            44.450434,
            84.544028
          ],
          [
            26.122989,
            44.450753,
            83.975688
          ],
          [
            26.122956,
            44.450777,
            84.013824
          ],
          [
            26.122663,
            44.450909,
            83.941607
          ],
          [
            26.122183,
            44.451115,
            82.699947
          ],
          [
            26.121809,
            44.451283,
            82.836394
          ],
          [
            26.121242,
            44.45148,
            83.954259
          ],
          [
            26.121174,
            44.451504,
            83.975975
          ],
          [
            26.12061,
            44.451704,
            82.882533
          ],
          [
            26.120576,
            44.451716,
            82.762082
          ],
          [
            26.120164,
            44.451844,
            81.438378
          ],
          [
            26.119566,
            44.451985,
            81.099953
          ],
          [
            26.11944,
            44.452014,
            81.05744
          ],
          [
            26.118867,
            44.452162,
            82.039659
          ],
          [
            26.118266,
            44.452298,
            83.678887
          ],
          [
            26.118096,
            44.452337,
            83.63162
          ],
          [
            26.117526,
            44.45241,
            83.998544
          ],
          [
            26.1169,
            44.452459,
            87.574015
          ],
          [
            26.116584,
            44.452484,
            87.0098
          ],
          [
            26.115959,
            44.45254,
            82.97607
          ],
          [
            26.115569,
            44.452575,
            81.114736
          ],
          [
            26.114943,
            44.452627,
            80.506153
          ],
          [
            26.114317,
            44.452679,
            81.714876
          ],
          [
            26.113983,
            44.452707,
            83.334302
          ],
          [
            26.113354,
            44.452727,
            84.387642
          ],
          [
            26.112998,
            44.452738,
            83.970777
          ],
          [
            26.112369,
            44.452757,
            83.61559
          ],
          [
            26.11174,
            44.452775,
            80.944044
          ],
          [
            26.11111,
            44.452793,
            81.24943
          ],
          [
            26.110933,
            44.452799,
            82.517284
          ],
          [
            26.110304,
            44.452813,
            83.703253
          ],
          [
            26.109674,
            44.452827,
            84.677155
          ],
          [
            26.109044,
            44.452841,
            86.323047
          ],
          [
            26.108415,
            44.452855,
            86.022784
          ],
          [
            26.10825,
            44.452859,
            85.843478
          ],
          [
            26.10762,
            44.452871,
            84.618494
          ],
          [
            26.10699,
            44.452884,
            85.159261
          ],
          [
            26.106361,
            44.452896,
            86.030457
          ],
          [
            26.105731,
            44.452908,
            84.644747
          ],
          [
            26.105329,
            44.452916,
            84.727513
          ],
          [
            26.1047,
            44.452934,
            84.703578
          ],
          [
            26.104695,
            44.452934,
            84.708596
          ]
        ],
        "type": "LineString"
      },
      "id": "274230d0694def9f324857d8eabb8679"
    },
    {
      "type": "Feature",
      "properties": {
        "id": 42,
        "name": "Politehnica",
        "line": "M3"
      },
      "geometry": {
        "coordinates": [
          26.055399,
          44.435273,
          82.811871
        ],
        "type": "Point"
      },
      "id": "281e8fd9140f3822ce098cb6db975fb1"
    },
    {
      "type": "Feature",
      "properties": {
        "line": "M4",
        "end1": 47,
        "end2": 48
      },
      "geometry": {
        "coordinates": [
          [
            26.068461,
            44.450832,
            81.831771
          ],
          [
            26.06799,
            44.451131,
            81.641951
          ],
          [
            26.067519,
            44.451429,
            82.794245
          ],
          [
            26.067049,
            44.451728,
            82.887081
          ],
          [
            26.066578,
            44.452027,
            83.327395
          ],
          [
            26.066478,
            44.45209,
            83.208022
          ],
          [
            26.066015,
            44.452395,
            83.0857
          ],
          [
            26.065552,
            44.4527,
            83.368721
          ],
          [
            26.065089,
            44.453004,
            83.109886
          ],
          [
            26.064626,
            44.453309,
            82.262248
          ],
          [
            26.064172,
            44.453609,
            82.75581
          ],
          [
            26.063717,
            44.45392,
            82.977617
          ],
          [
            26.063565,
            44.454024,
            82.943995
          ],
          [
            26.063331,
            44.454191,
            83.541446
          ],
          [
            26.063141,
            44.454414,
            84.005768
          ],
          [
            26.062966,
            44.454643,
            83.870225
          ],
          [
            26.062663,
            44.455037,
            82.024943
          ],
          [
            26.062361,
            44.455432,
            83.470064
          ],
          [
            26.062058,
            44.455826,
            87.059253
          ],
          [
            26.061756,
            44.456221,
            87.30975
          ],
          [
            26.061558,
            44.456478,
            87.082056
          ],
          [
            26.061256,
            44.456872,
            85.681559
          ],
          [
            26.060954,
            44.457267,
            86.879522
          ],
          [
            26.060652,
            44.457662,
            86.983196
          ],
          [
            26.06035,
            44.458056,
            87.538191
          ],
          [
            26.060048,
            44.458451,
            87.487358
          ],
          [
            26.059746,
            44.458845,
            84.299115
          ],
          [
            26.059444,
            44.45924,
            82.379242
          ],
          [
            26.05929,
            44.459441,
            82.878527
          ],
          [
            26.058985,
            44.459835,
            85.449024
          ],
          [
            26.05868,
            44.460228,
            86.56366
          ],
          [
            26.058376,
            44.460622,
            85.833284
          ],
          [
            26.058071,
            44.461016,
            85.833745
          ],
          [
            26.057766,
            44.461409,
            86.97981
          ],
          [
            26.057494,
            44.46176,
            89.060236
          ]
        ],
        "type": "LineString"
      },
      "id": "2a0c61d7bd06971ac96c746f4ffa3406"
    },
    {
      "type": "Feature",
      "properties": {
        "id": 57,
        "name": "Favorit",
        "line": "M5"
      },
      "geometry": {
        "coordinates": [
          26.04836,
          44.424638,
          92.60847
        ],
        "type": "Point"
      },
      "id": "2b59051051083ad61fd51a7b080aaac8"
    },
    {
      "type": "Feature",
      "properties": {
        "id": 46,
        "name": "Gara de Nord 2",
        "line": "M4"
      },
      "geometry": {
        "coordinates": [
          26.073806,
          44.447344,
          82.105075
        ],
        "type": "Point"
      },
      "id": "2bf9240b51f26b208c975dfec8b2bd3c"
    },
    {
      "type": "Feature",
      "properties": {
        "id": 61,
        "name": "Constantin Brâncuși",
        "line": "M5"
      },
      "geometry": {
        "coordinates": [
          26.020281,
          44.419119,
          87.859072
        ],
        "type": "Point"
      },
      "id": "2c8bcb35770b97584d6834592c51d96d"
    },
    {
      "type": "Feature",
      "properties": {
        "line": "M1",
        "end1": 9,
        "end2": 10
      },
      "geometry": {
        "coordinates": [
          [
            26.047133,
            44.451914,
            80.890246
          ],
          [
            26.046697,
            44.451589,
            81.13399
          ],
          [
            26.046329,
            44.451316,
            81.729923
          ],
          [
            26.045864,
            44.451012,
            80.87094
          ],
          [
            26.0454,
            44.450709,
            80
          ],
          [
            26.044935,
            44.450405,
            80
          ],
          [
            26.04447,
            44.450102,
            80
          ],
          [
            26.044287,
            44.449982,
            80.221746
          ],
          [
            26.043789,
            44.449706,
            79.833608
          ],
          [
            26.043292,
            44.44943,
            76.770215
          ],
          [
            26.043222,
            44.449391,
            76.677337
          ],
          [
            26.042685,
            44.449157,
            78.211736
          ],
          [
            26.042147,
            44.448922,
            78.723651
          ],
          [
            26.04161,
            44.448687,
            79.465446
          ],
          [
            26.041572,
            44.448671,
            79.408876
          ],
          [
            26.041058,
            44.448411,
            78.276914
          ],
          [
            26.040881,
            44.448321,
            78.324825
          ],
          [
            26.040659,
            44.448184,
            78.784146
          ],
          [
            26.040503,
            44.448019,
            78.866295
          ],
          [
            26.040388,
            44.447841,
            78.397412
          ],
          [
            26.040363,
            44.447665,
            77.30686
          ],
          [
            26.040368,
            44.447506,
            76.556473
          ],
          [
            26.040404,
            44.44729,
            76.274561
          ],
          [
            26.04052,
            44.447103,
            76.254207
          ],
          [
            26.040691,
            44.44693,
            75.42519
          ],
          [
            26.040908,
            44.446735,
            73.192947
          ],
          [
            26.041201,
            44.446609,
            72.098692
          ],
          [
            26.041754,
            44.446394,
            72.967329
          ],
          [
            26.041764,
            44.44639,
            72.98668
          ],
          [
            26.042359,
            44.446243,
            74.296037
          ],
          [
            26.042813,
            44.44613,
            74.090657
          ],
          [
            26.043422,
            44.446015,
            73.667985
          ],
          [
            26.044031,
            44.445899,
            74.291448
          ],
          [
            26.044639,
            44.445784,
            74.427373
          ],
          [
            26.045248,
            44.445668,
            74.999889
          ],
          [
            26.045261,
            44.445666,
            75
          ],
          [
            26.04587,
            44.445553,
            73.425399
          ],
          [
            26.04648,
            44.445439,
            71.819309
          ],
          [
            26.046551,
            44.445426,
            71.884255
          ]
        ],
        "type": "LineString"
      },
      "id": "30fcb781bcc72fa182aca47a2b2b0450"
    },
    {
      "type": "Feature",
      "properties": {
        "line": "M1",
        "end1": 3,
        "end2": 4
      },
      "geometry": {
        "coordinates": [
          [
            26.132319,
            44.441694,
            84.903818
          ],
          [
            26.131855,
            44.441999,
            84.074718
          ],
          [
            26.131392,
            44.442303,
            82.666037
          ],
          [
            26.131079,
            44.442509,
            83.105364
          ],
          [
            26.130589,
            44.442792,
            82.804908
          ],
          [
            26.130099,
            44.443075,
            83.38164
          ],
          [
            26.12961,
            44.443358,
            81.67562
          ],
          [
            26.129298,
            44.443538,
            81
          ],
          [
            26.12884,
            44.443846,
            82.27449
          ],
          [
            26.128763,
            44.443898,
            82.618414
          ],
          [
            26.128351,
            44.444238,
            85.663357
          ],
          [
            26.127939,
            44.444578,
            87.118979
          ],
          [
            26.127725,
            44.444754,
            87.14428
          ],
          [
            26.127403,
            44.44514,
            85.752552
          ],
          [
            26.127081,
            44.445527,
            85.856065
          ],
          [
            26.12678,
            44.445888,
            85.028524
          ],
          [
            26.126489,
            44.446286,
            82.845403
          ],
          [
            26.126366,
            44.446454,
            82.001906
          ],
          [
            26.126201,
            44.446793,
            81.912744
          ],
          [
            26.126052,
            44.44723,
            85.820156
          ],
          [
            26.125982,
            44.447436,
            85.843234
          ],
          [
            26.125823,
            44.447871,
            83.586682
          ],
          [
            26.125753,
            44.448061,
            82.023657
          ],
          [
            26.125642,
            44.448305,
            80.495536
          ],
          [
            26.125516,
            44.448497,
            80.082641
          ],
          [
            26.12522,
            44.448842,
            81.236724
          ],
          [
            26.124851,
            44.449207,
            81.985772
          ],
          [
            26.124806,
            44.449252,
            82.097771
          ],
          [
            26.124619,
            44.449422,
            82.553791
          ]
        ],
        "type": "LineString"
      },
      "id": "31819cbe70b26bcb8dd4df53be657f49"
    },
    {
      "type": "Feature",
      "properties": {
        "id": 28,
        "name": "Universitate",
        "line": "M2"
      },
      "geometry": {
        "coordinates": [
          26.102472,
          44.435564,
          81.495663
        ],
        "type": "Point"
      },
      "id": "31b56818c47947d3a215976511638f5a"
    },
    {
      "type": "Feature",
      "properties": {
        "id": 16,
        "name": "Mihai Bravu",
        "line": "M1/M3"
      },
      "geometry": {
        "coordinates": [
          26.125859,
          44.411277,
          64.135428
        ],
        "type": "Point"
      },
      "id": "31e9bacaf9d9412c547950e8cf582eec"
    },
    {
      "type": "Feature",
      "properties": {
        "id": 39,
        "name": "Păcii",
        "line": "M3"
      },
      "geometry": {
        "coordinates": [
          26.004117,
          44.433923,
          90.875654
        ],
        "type": "Point"
      },
      "id": "357af1da917627df6fd5b17acdd1e2c2"
    },
    {
      "type": "Feature",
      "properties": {
        "line": "M1",
        "end1": 5,
        "end2": 6
      },
      "geometry": {
        "coordinates": [
          [
            26.104695,
            44.452935,
            84.706277
          ],
          [
            26.104065,
            44.452929,
            86.407162
          ],
          [
            26.103435,
            44.452924,
            84.648738
          ],
          [
            26.102805,
            44.452918,
            85.156519
          ],
          [
            26.102508,
            44.452916,
            85.657763
          ],
          [
            26.101879,
            44.452906,
            85.932577
          ],
          [
            26.101249,
            44.452897,
            84.911741
          ],
          [
            26.100963,
            44.452893,
            84.837184
          ],
          [
            26.100334,
            44.452879,
            84.172046
          ],
          [
            26.099704,
            44.452866,
            83.105817
          ],
          [
            26.099074,
            44.452852,
            83.342471
          ],
          [
            26.098825,
            44.452847,
            83.729456
          ],
          [
            26.098197,
            44.452806,
            85.291309
          ],
          [
            26.09757,
            44.452766,
            85.451142
          ],
          [
            26.097505,
            44.452761,
            85.320612
          ],
          [
            26.096879,
            44.452712,
            85.002684
          ],
          [
            26.096502,
            44.452683,
            85.922155
          ],
          [
            26.095876,
            44.452637,
            85.773164
          ],
          [
            26.095249,
            44.452591,
            86.061461
          ],
          [
            26.094622,
            44.452546,
            86.268143
          ],
          [
            26.093996,
            44.4525,
            83.876815
          ],
          [
            26.093369,
            44.452454,
            83.940395
          ],
          [
            26.092742,
            44.452409,
            84.74976
          ],
          [
            26.092116,
            44.452363,
            86.183417
          ],
          [
            26.091999,
            44.452354,
            86.230245
          ],
          [
            26.091374,
            44.4523,
            85.220638
          ],
          [
            26.090749,
            44.452245,
            86.04852
          ],
          [
            26.090123,
            44.452191,
            86.823046
          ],
          [
            26.089498,
            44.452136,
            87.26239
          ],
          [
            26.088873,
            44.452082,
            82.82114
          ],
          [
            26.088247,
            44.452027,
            82.659425
          ],
          [
            26.087908,
            44.451998,
            83.278933
          ],
          [
            26.087281,
            44.451959,
            82.932502
          ],
          [
            26.087075,
            44.451947,
            82.656073
          ]
        ],
        "type": "LineString"
      },
      "id": "375fa3fc88fd5aea3d21bbb38395b078"
    },
    {
      "type": "Feature",
      "properties": {
        "id": 43,
        "name": "1 Decembrie 1918",
        "line": "M3"
      },
      "geometry": {
        "coordinates": [
          26.173794,
          44.410555,
          74.032981
        ],
        "type": "Point"
      },
      "id": "39e787e6db36ab3bca6002b9b229efa2"
    },
    {
      "type": "Feature",
      "properties": {
        "line": "M2",
        "end1": 29,
        "end2": 30
      },
      "geometry": {
        "coordinates": [
          [
            26.104083,
            44.42776,
            75.712272
          ],
          [
            26.104096,
            44.427311,
            72.455408
          ],
          [
            26.10411,
            44.426861,
            70.918348
          ],
          [
            26.104123,
            44.426412,
            72.0206
          ],
          [
            26.104127,
            44.426264,
            72.06482
          ],
          [
            26.104151,
            44.425815,
            70.278302
          ],
          [
            26.104174,
            44.425366,
            72.282331
          ],
          [
            26.104197,
            44.424916,
            73.201644
          ],
          [
            26.104203,
            44.424804,
            72.679894
          ],
          [
            26.104219,
            44.424354,
            71.480271
          ],
          [
            26.104235,
            44.423905,
            72.010005
          ],
          [
            26.10425,
            44.423455,
            73.137412
          ],
          [
            26.104266,
            44.423006,
            73.991494
          ],
          [
            26.104272,
            44.422846,
            73.637364
          ],
          [
            26.104283,
            44.422396,
            71.84536
          ],
          [
            26.104295,
            44.421946,
            70.601877
          ],
          [
            26.104307,
            44.421497,
            68.059252
          ],
          [
            26.104318,
            44.421047,
            68.40774
          ],
          [
            26.10433,
            44.420598,
            70.175496
          ],
          [
            26.104342,
            44.420148,
            72.698162
          ],
          [
            26.104354,
            44.419699,
            70.40724
          ],
          [
            26.104365,
            44.419249,
            68.541698
          ],
          [
            26.104377,
            44.418799,
            68.291484
          ],
          [
            26.10438,
            44.418669,
            68.435149
          ],
          [
            26.104398,
            44.418219,
            69.550038
          ],
          [
            26.104416,
            44.41777,
            70.489482
          ],
          [
            26.104433,
            44.41732,
            69.985178
          ],
          [
            26.104451,
            44.416871,
            69.623973
          ],
          [
            26.104468,
            44.416421,
            67.680589
          ],
          [
            26.104486,
            44.415972,
            66.074932
          ],
          [
            26.104503,
            44.415522,
            64.973868
          ],
          [
            26.10451,
            44.415361,
            65.984806
          ]
        ],
        "type": "LineString"
      },
      "id": "3a97a63ab88adae56074bec8dfd0547f"
    },
    {
      "type": "Feature",
      "properties": {
        "line": "M2",
        "end1": 28,
        "end2": 29
      },
      "geometry": {
        "coordinates": [
          [
            26.102472,
            44.435564,
            81.495663
          ],
          [
            26.102641,
            44.43513,
            81.69619
          ],
          [
            26.102651,
            44.435104,
            81.899732
          ],
          [
            26.102805,
            44.434668,
            84.444878
          ],
          [
            26.102958,
            44.434232,
            86.916822
          ],
          [
            26.103055,
            44.433955,
            84.882436
          ],
          [
            26.103161,
            44.433561,
            84.805239
          ],
          [
            26.103313,
            44.433124,
            84.704574
          ],
          [
            26.103464,
            44.432688,
            83.237756
          ],
          [
            26.103615,
            44.432251,
            81.00668
          ],
          [
            26.103739,
            44.431893,
            81.809851
          ],
          [
            26.103821,
            44.431669,
            81.794253
          ],
          [
            26.103867,
            44.431221,
            78.348544
          ],
          [
            26.103877,
            44.431118,
            77.516128
          ],
          [
            26.103887,
            44.430668,
            77.3
          ],
          [
            26.103896,
            44.430219,
            76.778523
          ],
          [
            26.103904,
            44.42983,
            75.795351
          ],
          [
            26.103943,
            44.429381,
            76.69243
          ],
          [
            26.103981,
            44.428932,
            78.543402
          ],
          [
            26.10402,
            44.428483,
            76.013674
          ],
          [
            26.104059,
            44.428034,
            76.548836
          ],
          [
            26.104082,
            44.42776,
            75.703601
          ]
        ],
        "type": "LineString"
      },
      "id": "4083e1bbf48b93d931777de34fec932e"
    },
    {
      "type": "Feature",
      "properties": {
        "id": 47,
        "name": "Basarab 2",
        "line": "M4"
      },
      "geometry": {
        "coordinates": [
          26.068461,
          44.450832,
          81.831771
        ],
        "type": "Point"
      },
      "id": "414bbed977cc796199104a5f5730e6ad"
    },
    {
      "type": "Feature",
      "properties": {
        "id": 40,
        "name": "Gorjului",
        "line": "M3"
      },
      "geometry": {
        "coordinates": [
          26.021276,
          44.434209,
          91.71856
        ],
        "type": "Point"
      },
      "id": "417d0d34eab0486eeed8c57704aa5aa2"
    },
    {
      "type": "Feature",
      "properties": {
        "line": "M1",
        "end1": 6,
        "end2": 7
      },
      "geometry": {
        "coordinates": [
          [
            26.087082,
            44.451947,
            82.671908
          ],
          [
            26.086453,
            44.451922,
            82.289121
          ],
          [
            26.085824,
            44.451897,
            83.432546
          ],
          [
            26.085509,
            44.451885,
            81.672378
          ],
          [
            26.084979,
            44.451878,
            80.832371
          ],
          [
            26.084847,
            44.451856,
            81.30585
          ],
          [
            26.084803,
            44.451827,
            81.646292
          ],
          [
            26.084755,
            44.451776,
            82.186406
          ],
          [
            26.0845,
            44.451365,
            85.395477
          ],
          [
            26.084245,
            44.450954,
            82.81461
          ],
          [
            26.08399,
            44.450542,
            80.306521
          ],
          [
            26.083735,
            44.450131,
            80.770272
          ],
          [
            26.08368,
            44.450043,
            80.959366
          ],
          [
            26.08343,
            44.449631,
            81.066573
          ],
          [
            26.083181,
            44.449218,
            83.696763
          ],
          [
            26.083079,
            44.449049,
            84.001776
          ],
          [
            26.082845,
            44.448631,
            82.122992
          ],
          [
            26.082807,
            44.448564,
            81.818738
          ],
          [
            26.082719,
            44.448401,
            81.630177
          ],
          [
            26.082603,
            44.448309,
            81.161711
          ],
          [
            26.082484,
            44.44827,
            80.699025
          ],
          [
            26.08225,
            44.448212,
            79.983554
          ],
          [
            26.081663,
            44.448049,
            79.074196
          ],
          [
            26.081076,
            44.447886,
            80.813293
          ],
          [
            26.080547,
            44.447739,
            81.70909
          ],
          [
            26.079958,
            44.447581,
            81.249609
          ],
          [
            26.079369,
            44.447422,
            81.325322
          ],
          [
            26.078779,
            44.447264,
            81.086321
          ],
          [
            26.07819,
            44.447105,
            83.803444
          ],
          [
            26.077856,
            44.447016,
            84.187425
          ],
          [
            26.077588,
            44.44695,
            84.921725
          ],
          [
            26.077388,
            44.446962,
            85.522403
          ],
          [
            26.077201,
            44.447035,
            85.263693
          ],
          [
            26.076898,
            44.447134,
            83.456621
          ],
          [
            26.076561,
            44.447232,
            82.344897
          ]
        ],
        "type": "LineString"
      },
      "id": "419c12ef388f08a2d05454673a6b6aa0"
    },
    {
      "type": "Feature",
      "properties": {
        "line": "M4",
        "end1": 46,
        "end2": 47
      },
      "geometry": {
        "coordinates": [
          [
            26.073806,
            44.447344,
            82.105075
          ],
          [
            26.073342,
            44.447647,
            81.095625
          ],
          [
            26.072877,
            44.44795,
            81
          ],
          [
            26.072412,
            44.448254,
            80.386332
          ],
          [
            26.071947,
            44.448557,
            80.106717
          ],
          [
            26.071482,
            44.448861,
            81.921065
          ],
          [
            26.071316,
            44.448969,
            81.912633
          ],
          [
            26.070835,
            44.44926,
            80.776104
          ],
          [
            26.070491,
            44.449468,
            80.025942
          ],
          [
            26.070047,
            44.449787,
            80.936605
          ],
          [
            26.069602,
            44.450105,
            81.9
          ],
          [
            26.069457,
            44.45021,
            81.80728
          ],
          [
            26.068992,
            44.450513,
            81.514984
          ],
          [
            26.068663,
            44.450728,
            82.105994
          ],
          [
            26.068466,
            44.450832,
            81.851256
          ]
        ],
        "type": "LineString"
      },
      "id": "41b28880bf5b04b536702bf2f5f002ac"
    },
    {
      "type": "Feature",
      "properties": {
        "id": 51,
        "name": "Parc Bazilescu",
        "line": "M4"
      },
      "geometry": {
        "coordinates": [
          26.037575,
          44.48663,
          93.384265
        ],
        "type": "Point"
      },
      "id": "43d30265d80a37ae411cb1fd3b97a961"
    },
    {
      "type": "Feature",
      "properties": {
        "id": 48,
        "name": "Grivița",
        "line": "M4"
      },
      "geometry": {
        "coordinates": [
          26.057492,
          44.461761,
          89.067913
        ],
        "type": "Point"
      },
      "id": "4883f41d09ce1ce779b1641eb2dc466c"
    },
    {
      "type": "Feature",
      "properties": {
        "id": 58,
        "name": "Tudor Vladimirescu",
        "line": "M5"
      },
      "geometry": {
        "coordinates": [
          26.041299,
          44.423064,
          87.708767
        ],
        "type": "Point"
      },
      "id": "4898214e919546adea263de206783c24"
    },
    {
      "type": "Feature",
      "properties": {
        "line": "M5",
        "end1": 56,
        "end2": 57
      },
      "geometry": {
        "coordinates": [
          [
            26.055887,
            44.425875,
            90.003542
          ],
          [
            26.055268,
            44.425791,
            90.649012
          ],
          [
            26.05465,
            44.425707,
            91.396975
          ],
          [
            26.054031,
            44.425624,
            90.128808
          ],
          [
            26.053412,
            44.42554,
            89.1
          ],
          [
            26.053053,
            44.425492,
            89.028968
          ],
          [
            26.052437,
            44.425398,
            88.849571
          ],
          [
            26.051822,
            44.425304,
            88.541276
          ],
          [
            26.051206,
            44.42521,
            90.296559
          ],
          [
            26.050808,
            44.425149,
            91.906002
          ],
          [
            26.050205,
            44.42502,
            93.029944
          ],
          [
            26.049601,
            44.424892,
            93.427036
          ],
          [
            26.048998,
            44.424763,
            94.512579
          ],
          [
            26.048709,
            44.424702,
            93.617127
          ],
          [
            26.048362,
            44.424639,
            92.610776
          ]
        ],
        "type": "LineString"
      },
      "id": "498907788b5410b00d101ef8a3fd6fc1"
    },
    {
      "type": "Feature",
      "properties": {
        "line": "M3",
        "end1": 40,
        "end2": 41
      },
      "geometry": {
        "coordinates": [
          [
            26.021276,
            44.434209,
            91.71856
          ],
          [
            26.021906,
            44.434219,
            90.888844
          ],
          [
            26.022535,
            44.434229,
            91.598355
          ],
          [
            26.023165,
            44.434239,
            91.784275
          ],
          [
            26.023795,
            44.434248,
            91.002594
          ],
          [
            26.024424,
            44.434258,
            91.081256
          ],
          [
            26.025054,
            44.434268,
            91.186343
          ],
          [
            26.025683,
            44.434278,
            92.323449
          ],
          [
            26.026313,
            44.434287,
            95.414584
          ],
          [
            26.026943,
            44.434297,
            92.957126
          ],
          [
            26.027572,
            44.434307,
            90.407029
          ],
          [
            26.028202,
            44.434317,
            90.516435
          ],
          [
            26.028831,
            44.434326,
            90.055443
          ],
          [
            26.029461,
            44.434336,
            88.769166
          ],
          [
            26.03009,
            44.434346,
            89.583684
          ],
          [
            26.03072,
            44.434356,
            91.015505
          ],
          [
            26.03135,
            44.434365,
            91.765485
          ],
          [
            26.031979,
            44.434375,
            90.635126
          ],
          [
            26.032573,
            44.434384,
            90.574334
          ]
        ],
        "type": "LineString"
      },
      "id": "4ad310e9d2753fb1b655690c2538f97d"
    },
    {
      "type": "Feature",
      "properties": {
        "line": "M5",
        "end1": 54,
        "end2": 55
      },
      "geometry": {
        "coordinates": [
          [
            26.073836,
            44.434839,
            73.335984
          ],
          [
            26.073324,
            44.434577,
            73.897488
          ],
          [
            26.072811,
            44.434316,
            73.624993
          ],
          [
            26.072792,
            44.434306,
            73.594782
          ],
          [
            26.072316,
            44.434012,
            72.150435
          ],
          [
            26.07184,
            44.433718,
            71.9
          ],
          [
            26.071819,
            44.433706,
            71.9
          ],
          [
            26.071351,
            44.433405,
            73
          ],
          [
            26.070883,
            44.433104,
            73.322267
          ],
          [
            26.070468,
            44.432838,
            74.00389
          ],
          [
            26.069968,
            44.432564,
            74.869884
          ],
          [
            26.069469,
            44.43229,
            74.59539
          ],
          [
            26.069444,
            44.432277,
            74.559431
          ],
          [
            26.068987,
            44.431967,
            74.614114
          ],
          [
            26.068583,
            44.431693,
            73.98969
          ],
          [
            26.068238,
            44.431483,
            74.60196
          ],
          [
            26.067922,
            44.431404,
            75.756566
          ],
          [
            26.067587,
            44.431349,
            76.460862
          ],
          [
            26.066985,
            44.431215,
            76.419426
          ],
          [
            26.066837,
            44.431182,
            76.758327
          ],
          [
            26.066326,
            44.431028,
            81.454155
          ],
          [
            26.065856,
            44.430858,
            84.801783
          ],
          [
            26.065347,
            44.430594,
            84.894796
          ],
          [
            26.065241,
            44.430539,
            85.16494
          ],
          [
            26.064812,
            44.430232,
            87.366472
          ],
          [
            26.064396,
            44.429895,
            87.332213
          ],
          [
            26.06398,
            44.429557,
            86.694147
          ],
          [
            26.063889,
            44.429483,
            86.253035
          ],
          [
            26.063643,
            44.429351,
            85.488734
          ],
          [
            26.063173,
            44.429125,
            84.511584
          ],
          [
            26.062873,
            44.42893,
            83.594927
          ]
        ],
        "type": "LineString"
      },
      "id": "4b576edf5c3851ea123773409cda66ec"
    },
    {
      "type": "Feature",
      "properties": {
        "id": 56,
        "name": "Orizont",
        "line": "M5"
      },
      "geometry": {
        "coordinates": [
          26.055887,
          44.425875,
          90.003542
        ],
        "type": "Point"
      },
      "id": "4be0de3ac2080e98953c01f4f3cd5e66"
    },
    {
      "type": "Feature",
      "properties": {
        "id": 9,
        "name": "Crângași",
        "line": "M1"
      },
      "geometry": {
        "coordinates": [
          26.047133,
          44.451914,
          80.890246
        ],
        "type": "Point"
      },
      "id": "4dd69fd263f170e311398860f171f7a3"
    },
    {
      "type": "Feature",
      "properties": {
        "line": "M5",
        "end1": 57,
        "end2": 58
      },
      "geometry": {
        "coordinates": [
          [
            26.04836,
            44.424638,
            92.60847
          ],
          [
            26.047759,
            44.424503,
            90.522666
          ],
          [
            26.047159,
            44.424367,
            86.877655
          ],
          [
            26.046559,
            44.424231,
            89.169782
          ],
          [
            26.046558,
            44.424231,
            89.17201
          ],
          [
            26.045957,
            44.424098,
            89.135312
          ],
          [
            26.045355,
            44.423964,
            89.313428
          ],
          [
            26.044754,
            44.423831,
            90.031963
          ],
          [
            26.044153,
            44.423697,
            88.763039
          ],
          [
            26.043552,
            44.423564,
            87.208599
          ],
          [
            26.04295,
            44.42343,
            86.184229
          ],
          [
            26.042349,
            44.423297,
            85.901928
          ],
          [
            26.041748,
            44.423163,
            86.791058
          ],
          [
            26.041301,
            44.423064,
            87.706634
          ]
        ],
        "type": "LineString"
      },
      "id": "505750255face8b0b94317065f86e807"
    },
    {
      "type": "Feature",
      "properties": {
        "line": "M2",
        "end1": 27,
        "end2": 28
      },
      "geometry": {
        "coordinates": [
          [
            26.097704,
            44.445349,
            90.089922
          ],
          [
            26.09791,
            44.444924,
            89.285983
          ],
          [
            26.098115,
            44.444499,
            88.444622
          ],
          [
            26.09832,
            44.444074,
            85.18647
          ],
          [
            26.098525,
            44.443649,
            84.236116
          ],
          [
            26.09873,
            44.443224,
            83.822579
          ],
          [
            26.098935,
            44.442798,
            85.463778
          ],
          [
            26.099141,
            44.442373,
            88.706835
          ],
          [
            26.099346,
            44.441948,
            90.111537
          ],
          [
            26.099551,
            44.441523,
            91.98044
          ],
          [
            26.099565,
            44.441495,
            91.895809
          ],
          [
            26.099775,
            44.441071,
            86.962452
          ],
          [
            26.099986,
            44.440647,
            86.56468
          ],
          [
            26.100197,
            44.440223,
            88.133589
          ],
          [
            26.100407,
            44.439799,
            91.803949
          ],
          [
            26.100618,
            44.439376,
            93.461687
          ],
          [
            26.100677,
            44.439255,
            93.633629
          ],
          [
            26.100881,
            44.43883,
            89.432975
          ],
          [
            26.101085,
            44.438405,
            85.49466
          ],
          [
            26.101289,
            44.437979,
            86.298522
          ],
          [
            26.101493,
            44.437554,
            90.451934
          ],
          [
            26.101697,
            44.437128,
            94.5536
          ],
          [
            26.101901,
            44.436703,
            90.458866
          ],
          [
            26.102105,
            44.436277,
            82.915061
          ],
          [
            26.102291,
            44.435888,
            82.159634
          ],
          [
            26.102472,
            44.435559,
            81.503553
          ]
        ],
        "type": "LineString"
      },
      "id": "52a6adc0ae17c001f0fbefc9e4e2ab3f"
    },
    {
      "type": "Feature",
      "properties": {
        "id": 4,
        "name": "Obor",
        "line": "M1"
      },
      "geometry": {
        "coordinates": [
          26.124619,
          44.449422,
          82.553967
        ],
        "type": "Point"
      },
      "id": "54141b8842d63f69301dc7c3f81d0f63"
    },
    {
      "type": "Feature",
      "properties": {
        "line": "M5",
        "end1": 61,
        "end2": 62
      },
      "geometry": {
        "coordinates": [
          [
            26.020281,
            44.419119,
            87.859072
          ],
          [
            26.020426,
            44.418682,
            87.865028
          ],
          [
            26.020491,
            44.418482,
            87.614345
          ],
          [
            26.02066,
            44.418155,
            87.209573
          ],
          [
            26.020847,
            44.417868,
            88.03749
          ],
          [
            26.021146,
            44.417506,
            87.854429
          ],
          [
            26.02155,
            44.417162,
            86.884247
          ],
          [
            26.021557,
            44.417156,
            86.887712
          ],
          [
            26.022038,
            44.416865,
            87.730391
          ],
          [
            26.022064,
            44.41685,
            87.82474
          ],
          [
            26.022575,
            44.416588,
            90.181788
          ],
          [
            26.022694,
            44.416526,
            90.770383
          ],
          [
            26.023124,
            44.4163,
            91.296378
          ],
          [
            26.023477,
            44.416087,
            90.796381
          ],
          [
            26.023741,
            44.415841,
            90.149855
          ],
          [
            26.023949,
            44.415607,
            91.137995
          ],
          [
            26.0242,
            44.415239,
            92.957612
          ]
        ],
        "type": "LineString"
      },
      "id": "57ddfee6e6e4d877446413c5f62380d3"
    },
    {
      "type": "Feature",
      "properties": {
        "line": "M3",
        "end1": 39,
        "end2": 40
      },
      "geometry": {
        "coordinates": [
          [
            26.004117,
            44.433923,
            90.875654
          ],
          [
            26.004747,
            44.433931,
            92.079186
          ],
          [
            26.005377,
            44.433938,
            90.680389
          ],
          [
            26.006006,
            44.433946,
            91
          ],
          [
            26.006636,
            44.433953,
            92.044225
          ],
          [
            26.007266,
            44.433961,
            91.274814
          ],
          [
            26.007895,
            44.433968,
            91.294828
          ],
          [
            26.008525,
            44.433975,
            92
          ],
          [
            26.009155,
            44.433983,
            92.058021
          ],
          [
            26.009784,
            44.43399,
            92.033787
          ],
          [
            26.010414,
            44.433998,
            91.216321
          ],
          [
            26.011043,
            44.434005,
            92.719712
          ],
          [
            26.011673,
            44.434013,
            91.842188
          ],
          [
            26.012303,
            44.43402,
            92.568558
          ],
          [
            26.012932,
            44.434028,
            92.226975
          ],
          [
            26.013562,
            44.434035,
            93.551226
          ],
          [
            26.01414,
            44.434042,
            92.429702
          ],
          [
            26.014769,
            44.434057,
            92.205002
          ],
          [
            26.015399,
            44.434071,
            92.509913
          ],
          [
            26.016028,
            44.434086,
            92.568246
          ],
          [
            26.016657,
            44.434101,
            92.905053
          ],
          [
            26.017287,
            44.434116,
            93.538905
          ],
          [
            26.017916,
            44.434131,
            92.597814
          ],
          [
            26.018546,
            44.434145,
            90.30153
          ],
          [
            26.019175,
            44.43416,
            89.465141
          ],
          [
            26.019804,
            44.434175,
            89.325783
          ],
          [
            26.020434,
            44.43419,
            89.811774
          ],
          [
            26.021063,
            44.434204,
            91.787089
          ],
          [
            26.021276,
            44.434209,
            91.718564
          ]
        ],
        "type": "LineString"
      },
      "id": "5a54ae34e09dbce3e69b0c2456d27884"
    },
    {
      "type": "Feature",
      "properties": {
        "line": "M1/M3",
        "end1": 16,
        "end2": 17
      },
      "geometry": {
        "coordinates": [
          [
            26.125859,
            44.411277,
            64.135428
          ],
          [
            26.126369,
            44.41154,
            63.148657
          ],
          [
            26.12688,
            44.411803,
            63.922093
          ],
          [
            26.127391,
            44.412066,
            64.638116
          ],
          [
            26.127699,
            44.412225,
            64.262276
          ],
          [
            26.12821,
            44.412487,
            64.530728
          ],
          [
            26.128722,
            44.412749,
            64.732318
          ],
          [
            26.129233,
            44.413012,
            63.595178
          ],
          [
            26.129744,
            44.413274,
            63.618713
          ],
          [
            26.130159,
            44.413486,
            64.335438
          ],
          [
            26.130648,
            44.41377,
            66.850147
          ],
          [
            26.131136,
            44.414054,
            67.257373
          ],
          [
            26.131217,
            44.414101,
            67.569154
          ],
          [
            26.131662,
            44.414419,
            70.492068
          ],
          [
            26.131785,
            44.414507,
            71.184493
          ],
          [
            26.132234,
            44.414821,
            72.749517
          ],
          [
            26.132503,
            44.41501,
            73.585686
          ],
          [
            26.13297,
            44.415311,
            73.363451
          ],
          [
            26.133075,
            44.415379,
            73.498112
          ],
          [
            26.133464,
            44.415733,
            73.544506
          ],
          [
            26.133775,
            44.416015,
            73.591127
          ],
          [
            26.134106,
            44.416397,
            71.833289
          ],
          [
            26.134152,
            44.41645,
            71.702592
          ],
          [
            26.134444,
            44.416848,
            73.581352
          ],
          [
            26.134511,
            44.41694,
            73.975917
          ],
          [
            26.134788,
            44.41729,
            76.240871
          ],
          [
            26.135048,
            44.4177,
            77.670919
          ],
          [
            26.135309,
            44.418109,
            75.450316
          ],
          [
            26.135482,
            44.418382,
            75.892612
          ],
          [
            26.135745,
            44.418756,
            77.306919
          ],
          [
            26.136013,
            44.419116,
            77
          ],
          [
            26.136291,
            44.419411,
            77.046223
          ],
          [
            26.136481,
            44.419609,
            76.741591
          ],
          [
            26.136659,
            44.419697,
            75.96567
          ],
          [
            26.136917,
            44.419775,
            75.70473
          ],
          [
            26.137204,
            44.419833,
            76.215575
          ],
          [
            26.137485,
            44.419865,
            76.500712
          ],
          [
            26.137885,
            44.419878,
            76.777382
          ],
          [
            26.138362,
            44.419862,
            76.205784
          ],
          [
            26.13868,
            44.419801,
            74.928471
          ],
          [
            26.139071,
            44.419706,
            73.849027
          ],
          [
            26.139667,
            44.419563,
            73.112381
          ],
          [
            26.140264,
            44.419419,
            73.373769
          ],
          [
            26.140457,
            44.419372,
            73.526959
          ]
        ],
        "type": "LineString"
      },
      "id": "5aca42b66dbc475ad000240db5fa3f83"
    },
    {
      "type": "Feature",
      "properties": {
        "line": "M1/M3",
        "end1": 15,
        "end2": 16
      },
      "geometry": {
        "coordinates": [
          [
            26.113345,
            44.416956,
            67.49318
          ],
          [
            26.113749,
            44.416612,
            68.651751
          ],
          [
            26.114154,
            44.416267,
            68.492481
          ],
          [
            26.114523,
            44.415953,
            67.330742
          ],
          [
            26.114893,
            44.415589,
            68.053632
          ],
          [
            26.115262,
            44.415225,
            69.669816
          ],
          [
            26.115632,
            44.414861,
            69.003293
          ],
          [
            26.115735,
            44.414759,
            68.455632
          ],
          [
            26.116118,
            44.414402,
            66.146884
          ],
          [
            26.116501,
            44.414045,
            64.898037
          ],
          [
            26.116884,
            44.413688,
            64.724538
          ],
          [
            26.11708,
            44.413507,
            64.401088
          ],
          [
            26.117469,
            44.413153,
            65.068151
          ],
          [
            26.117859,
            44.4128,
            64.944407
          ],
          [
            26.118249,
            44.412447,
            64.801401
          ],
          [
            26.118578,
            44.412149,
            64.851252
          ],
          [
            26.11897,
            44.411798,
            66.62607
          ],
          [
            26.119362,
            44.411446,
            67.55367
          ],
          [
            26.119754,
            44.411094,
            66.82731
          ],
          [
            26.119758,
            44.41109,
            66.799008
          ],
          [
            26.120186,
            44.41076,
            66.592753
          ],
          [
            26.1202,
            44.410749,
            66.608204
          ],
          [
            26.120518,
            44.410544,
            66.886405
          ],
          [
            26.120881,
            44.410392,
            65.947694
          ],
          [
            26.121331,
            44.410246,
            65.305283
          ],
          [
            26.121745,
            44.410168,
            65.656745
          ],
          [
            26.122081,
            44.410116,
            66
          ],
          [
            26.122494,
            44.410122,
            65.9
          ],
          [
            26.122844,
            44.410122,
            64.428583
          ],
          [
            26.123253,
            44.410174,
            63.396519
          ],
          [
            26.123553,
            44.410239,
            63.255014
          ],
          [
            26.123848,
            44.41032,
            63.172279
          ],
          [
            26.124157,
            44.410414,
            63.283655
          ],
          [
            26.124457,
            44.410541,
            63.798939
          ],
          [
            26.124761,
            44.410726,
            63.721936
          ],
          [
            26.125277,
            44.410983,
            64.769891
          ],
          [
            26.125793,
            44.411241,
            64.27381
          ],
          [
            26.125872,
            44.411281,
            64.103669
          ]
        ],
        "type": "LineString"
      },
      "id": "5e819e271bea22d81d20e4c39372b7ea"
    },
    {
      "type": "Feature",
      "properties": {
        "line": "M2",
        "end1": 30,
        "end2": 31
      },
      "geometry": {
        "coordinates": [
          [
            26.104504,
            44.415361,
            65.966537
          ],
          [
            26.104521,
            44.414912,
            68.293636
          ],
          [
            26.104531,
            44.414676,
            68.798534
          ],
          [
            26.104549,
            44.414445,
            69.372072
          ],
          [
            26.104506,
            44.414086,
            70.036505
          ],
          [
            26.104394,
            44.413825,
            70.968046
          ],
          [
            26.104233,
            44.413572,
            72.949361
          ],
          [
            26.103917,
            44.413377,
            75.168378
          ],
          [
            26.103449,
            44.413077,
            78.257293
          ],
          [
            26.102981,
            44.412776,
            83.516786
          ],
          [
            26.102512,
            44.412476,
            85.553576
          ],
          [
            26.102044,
            44.412175,
            86.707667
          ],
          [
            26.101576,
            44.411874,
            85.185967
          ],
          [
            26.101133,
            44.41159,
            85.500966
          ],
          [
            26.10068,
            44.411277,
            85.505363
          ],
          [
            26.100228,
            44.410964,
            84.9
          ],
          [
            26.099775,
            44.410652,
            84.645355
          ],
          [
            26.099706,
            44.410604,
            84.696513
          ],
          [
            26.099262,
            44.410286,
            85.848532
          ],
          [
            26.098818,
            44.409967,
            85.529081
          ],
          [
            26.098374,
            44.409648,
            82.757539
          ],
          [
            26.09793,
            44.40933,
            82.208398
          ],
          [
            26.097543,
            44.409052,
            81.164009
          ],
          [
            26.097156,
            44.408697,
            83.492606
          ],
          [
            26.096769,
            44.408342,
            85.018778
          ],
          [
            26.096754,
            44.408329,
            84.968666
          ],
          [
            26.096388,
            44.407963,
            84.748595
          ],
          [
            26.096263,
            44.407838,
            85.635436
          ],
          [
            26.096014,
            44.407488,
            87.466172
          ],
          [
            26.095822,
            44.407169,
            88.144904
          ],
          [
            26.095748,
            44.406916,
            87.567892
          ],
          [
            26.095773,
            44.406721,
            86.876438
          ],
          [
            26.095822,
            44.406273,
            84.556638
          ],
          [
            26.095835,
            44.406157,
            83.714468
          ],
          [
            26.095918,
            44.405711,
            81.462253
          ],
          [
            26.095921,
            44.405692,
            81.426081
          ],
          [
            26.096065,
            44.405254,
            81.980403
          ],
          [
            26.096132,
            44.405047,
            82.271771
          ],
          [
            26.096244,
            44.404719,
            83.025964
          ],
          [
            26.096489,
            44.404305,
            84.616974
          ],
          [
            26.096734,
            44.403891,
            86.055124
          ],
          [
            26.096777,
            44.403818,
            86.062325
          ]
        ],
        "type": "LineString"
      },
      "id": "5f9b63a3f3f1c14f6b2904c51f45e25f"
    },
    {
      "type": "Feature",
      "properties": {
        "line": "M1",
        "end1": 10,
        "end2": 11
      },
      "geometry": {
        "coordinates": [
          [
            26.046546,
            44.445419,
            71.921246
          ],
          [
            26.047154,
            44.445301,
            73.894345
          ],
          [
            26.047762,
            44.445183,
            74.472804
          ],
          [
            26.04837,
            44.445065,
            75.171486
          ],
          [
            26.048977,
            44.444947,
            75.90284
          ],
          [
            26.049585,
            44.444829,
            74.719753
          ],
          [
            26.049942,
            44.44476,
            73.716623
          ],
          [
            26.050549,
            44.444641,
            74.601538
          ],
          [
            26.051157,
            44.444522,
            75.901945
          ],
          [
            26.051764,
            44.444402,
            74.421622
          ],
          [
            26.052371,
            44.444283,
            74.295855
          ],
          [
            26.052979,
            44.444164,
            74.540875
          ],
          [
            26.053586,
            44.444045,
            73.809192
          ],
          [
            26.054193,
            44.443926,
            73.327477
          ],
          [
            26.054801,
            44.443807,
            71.077429
          ],
          [
            26.055408,
            44.443688,
            72.202485
          ],
          [
            26.055508,
            44.443668,
            72.459007
          ],
          [
            26.056116,
            44.443551,
            72.069097
          ],
          [
            26.056724,
            44.443433,
            71.407538
          ],
          [
            26.057332,
            44.443316,
            72.67207
          ],
          [
            26.05794,
            44.443198,
            73.669172
          ],
          [
            26.058548,
            44.443081,
            73.078135
          ],
          [
            26.059155,
            44.442964,
            73.196238
          ],
          [
            26.059763,
            44.442846,
            71.532065
          ],
          [
            26.060356,
            44.442732,
            72.867896
          ]
        ],
        "type": "LineString"
      },
      "id": "60932c6b98800334272d1cb2b4bf81ce"
    },
    {
      "type": "Feature",
      "properties": {
        "id": 19,
        "name": "Titan",
        "line": "M1"
      },
      "geometry": {
        "coordinates": [
          26.16272,
          44.425798,
          73.626328
        ],
        "type": "Point"
      },
      "id": "6098a3507ec5acb65665807fab148175"
    },
    {
      "type": "Feature",
      "properties": {
        "id": 3,
        "name": "Piața Iancului",
        "line": "M1"
      },
      "geometry": {
        "coordinates": [
          26.132319,
          44.441694,
          84.903818
        ],
        "type": "Point"
      },
      "id": "6374c31dff7818109ff910f19a57390d"
    },
    {
      "type": "Feature",
      "properties": {
        "line": "M1/M3",
        "end1": 12,
        "end2": 13
      },
      "geometry": {
        "coordinates": [
          [
            26.075641,
            44.435046,
            73.082004
          ],
          [
            26.076205,
            44.434845,
            73.45049
          ],
          [
            26.076768,
            44.434644,
            71.968554
          ],
          [
            26.077331,
            44.434443,
            73.409029
          ],
          [
            26.077547,
            44.434366,
            74.420753
          ],
          [
            26.078133,
            44.434201,
            73.136421
          ],
          [
            26.078719,
            44.434036,
            71.090034
          ],
          [
            26.079026,
            44.43395,
            71.704036
          ],
          [
            26.079633,
            44.433828,
            72.624952
          ],
          [
            26.080209,
            44.433713,
            72.646169
          ],
          [
            26.080835,
            44.433666,
            73.636253
          ],
          [
            26.081005,
            44.433653,
            74.052225
          ],
          [
            26.081632,
            44.433612,
            75.555395
          ],
          [
            26.082259,
            44.43357,
            75.55055
          ],
          [
            26.082886,
            44.433528,
            77.568947
          ],
          [
            26.083513,
            44.433486,
            77.87137
          ],
          [
            26.08414,
            44.433444,
            72.85345
          ],
          [
            26.084767,
            44.433403,
            67.620792
          ],
          [
            26.08522,
            44.433372,
            67.626346
          ],
          [
            26.085847,
            44.433327,
            69.965418
          ],
          [
            26.086473,
            44.433282,
            69.135797
          ],
          [
            26.0871,
            44.433237,
            70.722255
          ],
          [
            26.087726,
            44.433192,
            68.137133
          ],
          [
            26.088353,
            44.433147,
            69.977156
          ],
          [
            26.08898,
            44.433102,
            72.795932
          ],
          [
            26.089584,
            44.433059,
            71.693768
          ]
        ],
        "type": "LineString"
      },
      "id": "68ef8733ec58d5737578b1916bd723f7"
    },
    {
      "type": "Feature",
      "properties": {
        "line": "M2",
        "end1": 34,
        "end2": 35
      },
      "geometry": {
        "coordinates": [
          [
            26.135067,
            44.379384,
            77.482866
          ],
          [
            26.135374,
            44.378991,
            77.955816
          ],
          [
            26.135681,
            44.378599,
            78.613883
          ],
          [
            26.135988,
            44.378206,
            77.305535
          ],
          [
            26.136168,
            44.377977,
            76.340085
          ],
          [
            26.136476,
            44.377584,
            76
          ],
          [
            26.136784,
            44.377192,
            76
          ],
          [
            26.137093,
            44.3768,
            76.020489
          ],
          [
            26.137401,
            44.376408,
            76.179371
          ],
          [
            26.137709,
            44.376016,
            75.296478
          ],
          [
            26.138017,
            44.375624,
            75.41967
          ],
          [
            26.138274,
            44.375297,
            76.848659
          ],
          [
            26.138591,
            44.374908,
            76.280223
          ],
          [
            26.138908,
            44.37452,
            75
          ],
          [
            26.139225,
            44.374132,
            75.879464
          ],
          [
            26.139542,
            44.373743,
            75.986553
          ],
          [
            26.139859,
            44.373355,
            75
          ],
          [
            26.140176,
            44.372966,
            74.417984
          ],
          [
            26.140491,
            44.372579,
            73.726805
          ],
          [
            26.140822,
            44.372197,
            74.985334
          ],
          [
            26.141152,
            44.371814,
            75.348203
          ],
          [
            26.141482,
            44.371431,
            75.048452
          ],
          [
            26.141813,
            44.371049,
            75
          ],
          [
            26.142143,
            44.370666,
            75.84418
          ],
          [
            26.142149,
            44.37066,
            75.865743
          ],
          [
            26.142453,
            44.370266,
            75.88715
          ],
          [
            26.142756,
            44.369872,
            75.781191
          ],
          [
            26.14306,
            44.369478,
            75.966996
          ],
          [
            26.143171,
            44.369334,
            76.274814
          ],
          [
            26.143487,
            44.368945,
            76.927145
          ],
          [
            26.143584,
            44.368826,
            77.137774
          ]
        ],
        "type": "LineString"
      },
      "id": "6b69147dcb615d7ff05144033176f60c"
    },
    {
      "type": "Feature",
      "properties": {
        "line": "M2",
        "end1": 25,
        "end2": 26
      },
      "geometry": {
        "coordinates": [
          [
            26.086633,
            44.466034,
            82.468079
          ],
          [
            26.086595,
            44.465585,
            83.189579
          ],
          [
            26.086565,
            44.46522,
            85.226891
          ],
          [
            26.086532,
            44.464771,
            88.898788
          ],
          [
            26.086499,
            44.464322,
            88.546353
          ],
          [
            26.086466,
            44.463873,
            87.678467
          ],
          [
            26.086433,
            44.463424,
            87.8
          ],
          [
            26.086405,
            44.463045,
            87.83434
          ],
          [
            26.086383,
            44.462596,
            87.419728
          ],
          [
            26.086362,
            44.462146,
            87.370154
          ],
          [
            26.08634,
            44.461697,
            86.797512
          ],
          [
            26.086318,
            44.461248,
            88.510409
          ],
          [
            26.086296,
            44.460798,
            87.388077
          ],
          [
            26.086288,
            44.46064,
            86.727776
          ],
          [
            26.086274,
            44.460191,
            86.883718
          ],
          [
            26.08626,
            44.459741,
            87.156388
          ],
          [
            26.086246,
            44.459292,
            87.740752
          ],
          [
            26.086232,
            44.458842,
            87.04132
          ],
          [
            26.086217,
            44.458393,
            86.038616
          ],
          [
            26.086207,
            44.458075,
            86.197295
          ],
          [
            26.086212,
            44.457626,
            87.667635
          ],
          [
            26.086217,
            44.457176,
            87.557125
          ],
          [
            26.086222,
            44.456726,
            85.871726
          ],
          [
            26.086227,
            44.456277,
            85.671335
          ],
          [
            26.086232,
            44.455827,
            88.632022
          ],
          [
            26.086237,
            44.455377,
            86.302347
          ],
          [
            26.086241,
            44.454928,
            85.109357
          ],
          [
            26.086246,
            44.454478,
            85.778611
          ],
          [
            26.086251,
            44.454028,
            83.56477
          ],
          [
            26.086254,
            44.453786,
            82.475939
          ],
          [
            26.086262,
            44.453336,
            82.234353
          ],
          [
            26.086262,
            44.45333,
            82.277618
          ],
          [
            26.086369,
            44.452887,
            85.60787
          ],
          [
            26.086433,
            44.452619,
            84.291647
          ]
        ],
        "type": "LineString"
      },
      "id": "6ecd217059936fb80aed88f1e2b8ecec"
    },
    {
      "type": "Feature",
      "properties": {
        "id": 13,
        "name": "Izvor",
        "line": "M1/M3"
      },
      "geometry": {
        "coordinates": [
          26.089595,
          44.433063,
          71.654592
        ],
        "type": "Point"
      },
      "id": "703189f31a89b011e0aabb2a06973b04"
    },
    {
      "type": "Feature",
      "properties": {
        "id": 37,
        "name": "Tudor Arghezi",
        "line": "M2"
      },
      "geometry": {
        "coordinates": [
          26.159259,
          44.348039,
          72.65149
        ],
        "type": "Point"
      },
      "id": "74632aedca195542dcfef328d9cc1657"
    },
    {
      "type": "Feature",
      "properties": {
        "id": 21,
        "name": "Republica",
        "line": "M1"
      },
      "geometry": {
        "coordinates": [
          26.185305,
          44.434413,
          74.400139
        ],
        "type": "Point"
      },
      "id": "75afba477a169e6ece0bc2338e79f7cc"
    },
    {
      "type": "Feature",
      "properties": {
        "line": "M5",
        "end1": 59,
        "end2": 60
      },
      "geometry": {
        "coordinates": [
          [
            26.033081,
            44.422224,
            89.757604
          ],
          [
            26.032453,
            44.422247,
            89.058108
          ],
          [
            26.031824,
            44.42227,
            89.416788
          ],
          [
            26.031453,
            44.422284,
            89.431789
          ],
          [
            26.030829,
            44.422341,
            88.328864
          ],
          [
            26.030204,
            44.422398,
            90.452603
          ],
          [
            26.030194,
            44.422399,
            90.502575
          ],
          [
            26.029579,
            44.422495,
            93.046288
          ],
          [
            26.028964,
            44.422591,
            92.9
          ],
          [
            26.028838,
            44.422611,
            92.694512
          ],
          [
            26.028222,
            44.422707,
            93.348176
          ],
          [
            26.027607,
            44.422802,
            91.834243
          ],
          [
            26.026992,
            44.422898,
            92.076501
          ],
          [
            26.026722,
            44.42294,
            93.25291
          ],
          [
            26.026098,
            44.423003,
            94.942749
          ],
          [
            26.025797,
            44.423033,
            94.716641
          ],
          [
            26.025168,
            44.423018,
            92.910625
          ],
          [
            26.025087,
            44.423016,
            92.760584
          ],
          [
            26.02461,
            44.42299,
            92.837582
          ]
        ],
        "type": "LineString"
      },
      "id": "77e02ebe9e495390042135a051fc397a"
    },
    {
      "type": "Feature",
      "properties": {
        "line": "M4",
        "end1": 52,
        "end2": 53
      },
      "geometry": {
        "coordinates": [
          [
            26.031954,
            44.494336,
            90
          ],
          [
            26.031646,
            44.494728,
            90.1336
          ],
          [
            26.031338,
            44.495121,
            89.907573
          ],
          [
            26.03103,
            44.495513,
            89.741437
          ],
          [
            26.030722,
            44.495905,
            90.841413
          ],
          [
            26.030414,
            44.496298,
            91.945159
          ],
          [
            26.030106,
            44.49669,
            92.253059
          ],
          [
            26.029798,
            44.497082,
            91.813496
          ],
          [
            26.029583,
            44.497356,
            91.166134
          ],
          [
            26.029276,
            44.497749,
            91.472505
          ],
          [
            26.028969,
            44.498142,
            91.053109
          ],
          [
            26.028661,
            44.498534,
            90.568196
          ],
          [
            26.028354,
            44.498927,
            90.281882
          ],
          [
            26.028047,
            44.49932,
            91.72534
          ],
          [
            26.02774,
            44.499712,
            91.869725
          ],
          [
            26.027432,
            44.500105,
            92
          ],
          [
            26.027224,
            44.500372,
            92
          ],
          [
            26.02692,
            44.500766,
            92
          ],
          [
            26.026617,
            44.50116,
            92.589088
          ],
          [
            26.026313,
            44.501554,
            90.703703
          ],
          [
            26.026237,
            44.501653,
            90.280966
          ]
        ],
        "type": "LineString"
      },
      "id": "784c1937fdbafa91e37acedcfb85bd98"
    },
    {
      "type": "Feature",
      "properties": {
        "id": 33,
        "name": "Piața Sudului",
        "line": "M2"
      },
      "geometry": {
        "coordinates": [
          26.122844,
          44.392452,
          79.392575
        ],
        "type": "Point"
      },
      "id": "79c2812c995d7baf7b7b9904c45e7483"
    },
    {
      "type": "Feature",
      "properties": {
        "line": "M3",
        "end1": 41,
        "end2": 42
      },
      "geometry": {
        "coordinates": [
          [
            26.032582,
            44.434385,
            90.575183
          ],
          [
            26.033212,
            44.434388,
            90.505625
          ],
          [
            26.033842,
            44.434392,
            89.475321
          ],
          [
            26.034471,
            44.434396,
            88.550377
          ],
          [
            26.035101,
            44.4344,
            89.087101
          ],
          [
            26.035731,
            44.434404,
            92.913698
          ],
          [
            26.036361,
            44.434407,
            93.683
          ],
          [
            26.03699,
            44.434411,
            91.147656
          ],
          [
            26.03762,
            44.434415,
            90.9
          ],
          [
            26.03825,
            44.434419,
            90.452003
          ],
          [
            26.038879,
            44.434422,
            89.746219
          ],
          [
            26.039509,
            44.434426,
            89.7721
          ],
          [
            26.040139,
            44.43443,
            90.276705
          ],
          [
            26.040378,
            44.434431,
            90.437598
          ],
          [
            26.041008,
            44.434437,
            90.477815
          ],
          [
            26.041637,
            44.434442,
            88.034828
          ],
          [
            26.042267,
            44.434447,
            88
          ],
          [
            26.042897,
            44.434452,
            88.173898
          ],
          [
            26.043527,
            44.434457,
            90.041417
          ],
          [
            26.044156,
            44.434462,
            90.865855
          ],
          [
            26.044786,
            44.434467,
            91.108064
          ],
          [
            26.045416,
            44.434472,
            91.089269
          ],
          [
            26.046045,
            44.434478,
            89.608464
          ],
          [
            26.046675,
            44.434483,
            90.346177
          ],
          [
            26.046787,
            44.434484,
            90.346209
          ],
          [
            26.047416,
            44.434475,
            89.298508
          ],
          [
            26.048046,
            44.434466,
            88.958302
          ],
          [
            26.048676,
            44.434458,
            88.371612
          ],
          [
            26.049247,
            44.43445,
            88.288846
          ],
          [
            26.049877,
            44.434448,
            89.534037
          ],
          [
            26.050507,
            44.434447,
            89.718111
          ],
          [
            26.051136,
            44.434445,
            89.054327
          ],
          [
            26.051766,
            44.434443,
            88.665785
          ],
          [
            26.051916,
            44.434443,
            88.664419
          ],
          [
            26.052545,
            44.434466,
            89.09167
          ],
          [
            26.053174,
            44.43449,
            89.021998
          ],
          [
            26.053303,
            44.434495,
            88.899718
          ],
          [
            26.053814,
            44.434595,
            87.675013
          ],
          [
            26.054394,
            44.43477,
            87.042875
          ],
          [
            26.054408,
            44.434774,
            87.043796
          ],
          [
            26.054825,
            44.434971,
            85.260138
          ],
          [
            26.05533,
            44.43524,
            82.904747
          ],
          [
            26.055399,
            44.435276,
            82.783939
          ]
        ],
        "type": "LineString"
      },
      "id": "7c69a54c0f5c841643012bdd871a7a64"
    },
    {
      "type": "Feature",
      "properties": {
        "line": "M1",
        "end1": 19,
        "end2": 20
      },
      "geometry": {
        "coordinates": [
          [
            26.16272,
            44.425798,
            73.626328
          ],
          [
            26.1626,
            44.426239,
            74.79843
          ],
          [
            26.16248,
            44.426681,
            74.244226
          ],
          [
            26.16236,
            44.427122,
            74.361691
          ],
          [
            26.162347,
            44.427172,
            74.462837
          ],
          [
            26.162275,
            44.427618,
            73.932616
          ],
          [
            26.162256,
            44.427739,
            73.813064
          ],
          [
            26.162322,
            44.428187,
            73.180069
          ],
          [
            26.162327,
            44.428223,
            73.176588
          ],
          [
            26.162572,
            44.428625,
            74.133082
          ],
          [
            26.162772,
            44.428917,
            75.598788
          ],
          [
            26.16321,
            44.42924,
            76.050907
          ],
          [
            26.163378,
            44.429365,
            75.712551
          ],
          [
            26.163773,
            44.42953,
            75.634866
          ],
          [
            26.164273,
            44.429686,
            76.976383
          ],
          [
            26.164883,
            44.429797,
            78.202889
          ],
          [
            26.165493,
            44.429908,
            80.092692
          ],
          [
            26.165723,
            44.429949,
            80.441909
          ],
          [
            26.166332,
            44.430066,
            80.413474
          ],
          [
            26.166469,
            44.430092,
            80.170021
          ],
          [
            26.166873,
            44.430245,
            79.434537
          ],
          [
            26.167173,
            44.430494,
            78.807381
          ],
          [
            26.167386,
            44.430754,
            78.90577
          ],
          [
            26.167563,
            44.431049,
            78.003473
          ],
          [
            26.167724,
            44.431484,
            78.124269
          ],
          [
            26.167885,
            44.431919,
            77.375628
          ],
          [
            26.167957,
            44.432115,
            76.799509
          ],
          [
            26.168128,
            44.432548,
            76.859319
          ],
          [
            26.168299,
            44.43298,
            77.254919
          ],
          [
            26.16847,
            44.433413,
            79.428802
          ],
          [
            26.168641,
            44.433846,
            80.578535
          ],
          [
            26.168812,
            44.434279,
            77.988859
          ],
          [
            26.168983,
            44.434711,
            77.868872
          ],
          [
            26.169143,
            44.435117,
            77.973699
          ]
        ],
        "type": "LineString"
      },
      "id": "7cbe477f89c9f173a295bfca5fd7cac6"
    },
    {
      "type": "Feature",
      "properties": {
        "line": "M2",
        "end1": 33,
        "end2": 34
      },
      "geometry": {
        "coordinates": [
          [
            26.122844,
            44.392452,
            79.392575
          ],
          [
            26.123181,
            44.392072,
            79
          ],
          [
            26.123519,
            44.391693,
            79.905815
          ],
          [
            26.123856,
            44.391313,
            80.497593
          ],
          [
            26.124105,
            44.391033,
            81.445125
          ],
          [
            26.124451,
            44.390658,
            80.9
          ],
          [
            26.124797,
            44.390282,
            80.538002
          ],
          [
            26.125143,
            44.389907,
            82.613231
          ],
          [
            26.125489,
            44.389531,
            81.960483
          ],
          [
            26.125835,
            44.389155,
            81.809404
          ],
          [
            26.126181,
            44.38878,
            82.493836
          ],
          [
            26.126527,
            44.388404,
            83.919645
          ],
          [
            26.126873,
            44.388029,
            84.452458
          ],
          [
            26.127219,
            44.387653,
            83.783747
          ],
          [
            26.127566,
            44.387278,
            85.180951
          ],
          [
            26.127912,
            44.386902,
            83.500243
          ],
          [
            26.128258,
            44.386527,
            81.055644
          ],
          [
            26.128604,
            44.386151,
            82.004413
          ],
          [
            26.12895,
            44.385776,
            81.706641
          ],
          [
            26.129296,
            44.3854,
            80.549625
          ],
          [
            26.129642,
            44.385025,
            79.323437
          ],
          [
            26.129988,
            44.384649,
            79.043367
          ],
          [
            26.130334,
            44.384274,
            79.345214
          ],
          [
            26.13068,
            44.383898,
            80.073045
          ],
          [
            26.130727,
            44.383848,
            80.143586
          ],
          [
            26.131086,
            44.383478,
            81.623645
          ],
          [
            26.131445,
            44.383109,
            80.959365
          ],
          [
            26.131804,
            44.38274,
            80.617471
          ],
          [
            26.132163,
            44.382371,
            80.667687
          ],
          [
            26.132522,
            44.382001,
            81.595605
          ],
          [
            26.132881,
            44.381632,
            81.693407
          ],
          [
            26.13324,
            44.381263,
            80.469861
          ],
          [
            26.133599,
            44.380894,
            80.449949
          ],
          [
            26.133958,
            44.380524,
            80.884665
          ],
          [
            26.134317,
            44.380155,
            79.424676
          ],
          [
            26.134676,
            44.379786,
            77.840624
          ],
          [
            26.135035,
            44.379417,
            77.5
          ],
          [
            26.135064,
            44.379387,
            77.490442
          ]
        ],
        "type": "LineString"
      },
      "id": "7e2b02ce5756dc128442e2f658d79192"
    },
    {
      "type": "Feature",
      "properties": {
        "line": "M2",
        "end1": 24,
        "end2": 25
      },
      "geometry": {
        "coordinates": [
          [
            26.100221,
            44.479155,
            79.815291
          ],
          [
            26.099597,
            44.479093,
            78.676547
          ],
          [
            26.099159,
            44.47905,
            79.144671
          ],
          [
            26.098528,
            44.47904,
            81.209909
          ],
          [
            26.097995,
            44.479032,
            81.488896
          ],
          [
            26.097456,
            44.47896,
            81.75988
          ],
          [
            26.09709,
            44.478883,
            81.882128
          ],
          [
            26.096713,
            44.478725,
            80.849638
          ],
          [
            26.096318,
            44.478524,
            80.807
          ],
          [
            26.095834,
            44.478236,
            82.048365
          ],
          [
            26.095521,
            44.47805,
            81.720269
          ],
          [
            26.095074,
            44.477733,
            80.484964
          ],
          [
            26.094627,
            44.477416,
            79.973892
          ],
          [
            26.09418,
            44.477098,
            81.203827
          ],
          [
            26.093733,
            44.476781,
            82.166069
          ],
          [
            26.093479,
            44.476601,
            82.681382
          ],
          [
            26.093025,
            44.476288,
            81.662893
          ],
          [
            26.092635,
            44.47602,
            80.873505
          ],
          [
            26.092254,
            44.475662,
            81.727774
          ],
          [
            26.091873,
            44.475304,
            82.212832
          ],
          [
            26.091743,
            44.475182,
            81.93196
          ],
          [
            26.09138,
            44.474815,
            79.243262
          ],
          [
            26.091258,
            44.474691,
            78.005014
          ],
          [
            26.090946,
            44.4743,
            76.718559
          ],
          [
            26.09091,
            44.474255,
            76.750287
          ],
          [
            26.090708,
            44.474103,
            77.174069
          ],
          [
            26.090217,
            44.473889,
            78.887555
          ],
          [
            26.089674,
            44.47366,
            78.586381
          ],
          [
            26.089132,
            44.473431,
            77.83551
          ],
          [
            26.089103,
            44.473419,
            77.788358
          ],
          [
            26.088665,
            44.473163,
            76.284037
          ],
          [
            26.088474,
            44.473009,
            76.773326
          ],
          [
            26.088266,
            44.472584,
            79.045533
          ],
          [
            26.088216,
            44.472483,
            79.718345
          ],
          [
            26.08805,
            44.472159,
            82.390907
          ],
          [
            26.087949,
            44.471715,
            83.606714
          ],
          [
            26.087924,
            44.471604,
            83.695445
          ],
          [
            26.087813,
            44.471161,
            84.475751
          ],
          [
            26.087703,
            44.470719,
            84.507488
          ],
          [
            26.087592,
            44.470276,
            84.579773
          ],
          [
            26.087481,
            44.469833,
            83.649226
          ],
          [
            26.087371,
            44.469391,
            85.046414
          ],
          [
            26.08726,
            44.468948,
            86.000653
          ],
          [
            26.08715,
            44.468505,
            86.8
          ],
          [
            26.087039,
            44.468062,
            86.66172
          ],
          [
            26.086928,
            44.46762,
            86.206414
          ],
          [
            26.086824,
            44.467201,
            87.494529
          ],
          [
            26.086748,
            44.466797,
            84.808085
          ],
          [
            26.086684,
            44.46635,
            83.207291
          ],
          [
            26.086639,
            44.466037,
            82.486614
          ]
        ],
        "type": "LineString"
      },
      "id": "7ef1db8f64af9e1d992c3f0c763d3f85"
    },
    {
      "type": "Feature",
      "properties": {
        "id": 26,
        "name": "Piața Victoriei 1",
        "line": "M2"
      },
      "geometry": {
        "coordinates": [
          26.086433,
          44.452611,
          84.238317
        ],
        "type": "Point"
      },
      "id": "806956c8b651605c4b20091a977cd959"
    },
    {
      "type": "Feature",
      "properties": {
        "id": 18,
        "name": "Nicolae Grigorescu",
        "line": "M1/M3"
      },
      "geometry": {
        "coordinates": [
          26.160615,
          44.41357,
          71.350615
        ],
        "type": "Point"
      },
      "id": "8584edf7fa50fca90082fca0974c1fe6"
    },
    {
      "type": "Feature",
      "properties": {
        "line": "M3",
        "end1": 38,
        "end2": 39
      },
      "geometry": {
        "coordinates": [
          [
            25.990966,
            44.430584,
            89.445501
          ],
          [
            25.991592,
            44.430634,
            89
          ],
          [
            25.992217,
            44.430684,
            89.606836
          ],
          [
            25.992843,
            44.430734,
            89.403837
          ],
          [
            25.993469,
            44.430784,
            90.587752
          ],
          [
            25.994095,
            44.430834,
            90.668917
          ],
          [
            25.994317,
            44.430851,
            90.086801
          ],
          [
            25.994943,
            44.430902,
            89.188288
          ],
          [
            25.995231,
            44.430926,
            89.709254
          ],
          [
            25.995545,
            44.431007,
            89.9
          ],
          [
            25.996049,
            44.431175,
            89.9
          ],
          [
            25.996589,
            44.431392,
            90.026857
          ],
          [
            25.99704,
            44.431706,
            90.544528
          ],
          [
            25.997491,
            44.43202,
            89.042411
          ],
          [
            25.997942,
            44.432333,
            88.737718
          ],
          [
            25.998277,
            44.432567,
            89.810571
          ],
          [
            25.998733,
            44.432877,
            90.212841
          ],
          [
            25.999189,
            44.433187,
            90.586132
          ],
          [
            25.999645,
            44.433497,
            90.975229
          ],
          [
            25.999757,
            44.433574,
            90.895424
          ],
          [
            26.000262,
            44.433816,
            91.598954
          ],
          [
            26.000758,
            44.433885,
            91.335691
          ],
          [
            26.00135,
            44.433909,
            90.496667
          ],
          [
            26.001872,
            44.43394,
            91.353982
          ],
          [
            26.002502,
            44.433937,
            92.016737
          ],
          [
            26.003131,
            44.433933,
            91.625591
          ],
          [
            26.003761,
            44.43393,
            90.245711
          ],
          [
            26.004109,
            44.433928,
            90.839359
          ]
        ],
        "type": "LineString"
      },
      "id": "89e084cca1b58012ec7726d5ea57e658"
    },
    {
      "type": "Feature",
      "properties": {
        "id": 55,
        "name": "Academia Militară",
        "line": "M5"
      },
      "geometry": {
        "coordinates": [
          26.06287,
          44.428932,
          83.582267
        ],
        "type": "Point"
      },
      "id": "8d9a0cd65f72b6a9e700b374dd726be9"
    },
    {
      "type": "Feature",
      "properties": {
        "id": 62,
        "name": "Râul Doamnei",
        "line": "M5"
      },
      "geometry": {
        "coordinates": [
          26.0242,
          44.415239,
          92.957612
        ],
        "type": "Point"
      },
      "id": "905317564b4ffaab99e921d3d891430b"
    },
    {
      "type": "Feature",
      "properties": {
        "line": "M2",
        "end1": 31,
        "end2": 32
      },
      "geometry": {
        "coordinates": [
          [
            26.096777,
            44.403814,
            86.069157
          ],
          [
            26.097063,
            44.403431,
            85.761509
          ],
          [
            26.097435,
            44.403068,
            84.354005
          ],
          [
            26.097467,
            44.403038,
            84.216371
          ],
          [
            26.09787,
            44.402692,
            82.87732
          ],
          [
            26.098273,
            44.402347,
            82.852739
          ],
          [
            26.098676,
            44.402002,
            83.649811
          ],
          [
            26.098863,
            44.401842,
            83.258172
          ],
          [
            26.099391,
            44.401597,
            82.594738
          ],
          [
            26.099919,
            44.401353,
            81.954739
          ],
          [
            26.099963,
            44.401333,
            81.868434
          ],
          [
            26.100554,
            44.401178,
            80.978481
          ],
          [
            26.100696,
            44.401141,
            81.022395
          ],
          [
            26.101289,
            44.400989,
            82.999692
          ],
          [
            26.101797,
            44.400858,
            83.600002
          ],
          [
            26.102385,
            44.400699,
            82.979038
          ],
          [
            26.102974,
            44.400539,
            82.416936
          ],
          [
            26.103562,
            44.400379,
            84.426396
          ],
          [
            26.104151,
            44.40022,
            85.458209
          ],
          [
            26.104739,
            44.40006,
            86.002679
          ],
          [
            26.105327,
            44.399901,
            85.200211
          ],
          [
            26.105916,
            44.399741,
            84.821811
          ],
          [
            26.10595,
            44.399732,
            84.823283
          ],
          [
            26.10652,
            44.399541,
            84.305842
          ],
          [
            26.10709,
            44.399351,
            84.283105
          ],
          [
            26.10766,
            44.39916,
            83.033184
          ],
          [
            26.108231,
            44.39897,
            82.387753
          ],
          [
            26.108528,
            44.39887,
            83.100273
          ],
          [
            26.109083,
            44.398657,
            83.424107
          ],
          [
            26.109118,
            44.398644,
            83.351192
          ]
        ],
        "type": "LineString"
      },
      "id": "982c34c93c5673417e3a7ec954343edb"
    },
    {
      "type": "Feature",
      "properties": {
        "id": 12,
        "name": "Eroilor 1",
        "line": "M1/M3"
      },
      "geometry": {
        "coordinates": [
          26.075641,
          44.435046,
          73.082004
        ],
        "type": "Point"
      },
      "id": "99b7d0238edba81b4307ff105a31fcef"
    },
    {
      "type": "Feature",
      "properties": {
        "line": "M3",
        "end1": 18,
        "end2": 43
      },
      "geometry": {
        "coordinates": [
          [
            26.160614,
            44.41357,
            71.350984
          ],
          [
            26.161237,
            44.413505,
            70.823399
          ],
          [
            26.16186,
            44.41344,
            69.892722
          ],
          [
            26.162483,
            44.413375,
            71.093657
          ],
          [
            26.162733,
            44.413349,
            71.852983
          ],
          [
            26.162993,
            44.413291,
            72.148961
          ],
          [
            26.163503,
            44.413119,
            71.231123
          ],
          [
            26.164084,
            44.412946,
            71.893012
          ],
          [
            26.164665,
            44.412772,
            72.872082
          ],
          [
            26.165049,
            44.412658,
            72.84139
          ],
          [
            26.165636,
            44.412495,
            74.284022
          ],
          [
            26.166223,
            44.412333,
            74.142382
          ],
          [
            26.16681,
            44.412171,
            70.180579
          ],
          [
            26.167397,
            44.412008,
            70.5736
          ],
          [
            26.167416,
            44.412003,
            70.6846
          ],
          [
            26.168004,
            44.411843,
            71.165513
          ],
          [
            26.168592,
            44.411682,
            70.532621
          ],
          [
            26.169181,
            44.411522,
            69.220298
          ],
          [
            26.169769,
            44.411362,
            71.003193
          ],
          [
            26.170357,
            44.411202,
            72.023692
          ],
          [
            26.170545,
            44.41115,
            71.739672
          ],
          [
            26.171147,
            44.41102,
            74.344121
          ],
          [
            26.171399,
            44.410965,
            75.090558
          ],
          [
            26.172005,
            44.410844,
            74.678866
          ],
          [
            26.172579,
            44.410729,
            72.205392
          ],
          [
            26.173196,
            44.410641,
            72.436323
          ],
          [
            26.173796,
            44.410555,
            74.030635
          ]
        ],
        "type": "LineString"
      },
      "id": "9a18233adaa9684c86e8169651d4dafb"
    },
    {
      "type": "Feature",
      "properties": {
        "id": 60,
        "name": "Romancierilor",
        "line": "M5"
      },
      "geometry": {
        "coordinates": [
          26.024607,
          44.422987,
          92.849824
        ],
        "type": "Point"
      },
      "id": "9a2f765388b8dc145bf26e0e189d9f8f"
    },
    {
      "type": "Feature",
      "properties": {
        "id": 52,
        "name": "Laminorului",
        "line": "M4"
      },
      "geometry": {
        "coordinates": [
          26.031954,
          44.494336,
          90
        ],
        "type": "Point"
      },
      "id": "9b4c7bbb7693c04cc8ef99ab760a08d8"
    },
    {
      "type": "Feature",
      "properties": {
        "line": "M1",
        "end1": 21,
        "end2": 22
      },
      "geometry": {
        "coordinates": [
          [
            26.185305,
            44.434413,
            74.400139
          ],
          [
            26.185844,
            44.43418,
            74.79716
          ],
          [
            26.186005,
            44.434111,
            74.477804
          ],
          [
            26.186511,
            44.433844,
            73.807877
          ],
          [
            26.186822,
            44.433681,
            73.238836
          ],
          [
            26.187366,
            44.433454,
            74.476732
          ],
          [
            26.187499,
            44.433398,
            75.049554
          ],
          [
            26.188092,
            44.433247,
            75.06414
          ],
          [
            26.188453,
            44.433155,
            74.181044
          ],
          [
            26.189056,
            44.433027,
            75.042819
          ],
          [
            26.18966,
            44.432898,
            75.220211
          ],
          [
            26.189916,
            44.432844,
            75.216494
          ],
          [
            26.190461,
            44.432788,
            74.601901
          ],
          [
            26.191087,
            44.432834,
            74.057277
          ],
          [
            26.191088,
            44.432834,
            74.057331
          ],
          [
            26.191442,
            44.432925,
            74.108731
          ],
          [
            26.191737,
            44.43308,
            74.173189
          ],
          [
            26.191996,
            44.433317,
            74.386556
          ],
          [
            26.192242,
            44.433616,
            74.973958
          ],
          [
            26.192584,
            44.433993,
            75.062269
          ],
          [
            26.192927,
            44.43437,
            74.863434
          ],
          [
            26.19327,
            44.434747,
            73.414699
          ],
          [
            26.193613,
            44.435125,
            73.995069
          ],
          [
            26.193955,
            44.435502,
            74
          ],
          [
            26.194298,
            44.435879,
            74.8141
          ],
          [
            26.194641,
            44.436256,
            75.645305
          ],
          [
            26.194983,
            44.436634,
            75.931676
          ],
          [
            26.195326,
            44.437011,
            74.381674
          ],
          [
            26.195669,
            44.437388,
            74.176655
          ],
          [
            26.196012,
            44.437765,
            74.129849
          ],
          [
            26.196108,
            44.437872,
            73.960929
          ],
          [
            26.196263,
            44.438063,
            73.288921
          ],
          [
            26.196417,
            44.438323,
            71.868386
          ],
          [
            26.196472,
            44.438618,
            71.097584
          ],
          [
            26.196349,
            44.43891,
            71.018971
          ],
          [
            26.196136,
            44.439186,
            71.401225
          ],
          [
            26.195904,
            44.439364,
            72.133375
          ],
          [
            26.195595,
            44.439507,
            72.226206
          ],
          [
            26.1951,
            44.439621,
            73.423677
          ],
          [
            26.194573,
            44.439751,
            74.672928
          ],
          [
            26.194014,
            44.439958,
            74.436599
          ],
          [
            26.193873,
            44.44001,
            74.190833
          ],
          [
            26.193334,
            44.440243,
            76.889704
          ],
          [
            26.193023,
            44.440377,
            78.56407
          ],
          [
            26.192602,
            44.440534,
            76.694693
          ],
          [
            26.192397,
            44.440632,
            75.422154
          ]
        ],
        "type": "LineString"
      },
      "id": "9d6900b00cae6d1c79ea281a4105f7bb"
    },
    {
      "type": "Feature",
      "properties": {
        "id": 31,
        "name": "Eroii Revoluției",
        "line": "M2"
      },
      "geometry": {
        "coordinates": [
          26.096777,
          44.403814,
          86.069157
        ],
        "type": "Point"
      },
      "id": "9f12da6bbdf59b2b9ebc59dcde6fec38"
    },
    {
      "type": "Feature",
      "properties": {
        "id": 30,
        "name": "Tineretului",
        "line": "M2"
      },
      "geometry": {
        "coordinates": [
          26.104504,
          44.415361,
          65.966537
        ],
        "type": "Point"
      },
      "id": "9ff8df73ec438c0f3f90004ba4e68f4f"
    },
    {
      "type": "Feature",
      "properties": {
        "line": "M1",
        "end1": 2,
        "end2": 3
      },
      "geometry": {
        "coordinates": [
          [
            26.13867,
            44.431829,
            76.048137
          ],
          [
            26.138485,
            44.432258,
            74.970893
          ],
          [
            26.138301,
            44.432688,
            76.01194
          ],
          [
            26.138117,
            44.433117,
            76.268489
          ],
          [
            26.137937,
            44.433548,
            74.396322
          ],
          [
            26.137758,
            44.433979,
            76.956304
          ],
          [
            26.137677,
            44.434174,
            78.616994
          ],
          [
            26.137501,
            44.434605,
            78.051639
          ],
          [
            26.137326,
            44.435037,
            77.115842
          ],
          [
            26.13715,
            44.435469,
            77.763135
          ],
          [
            26.137003,
            44.435829,
            78.795827
          ],
          [
            26.136824,
            44.43626,
            80.59405
          ],
          [
            26.136645,
            44.436692,
            78.945255
          ],
          [
            26.136466,
            44.437123,
            78.385847
          ],
          [
            26.136325,
            44.437462,
            78.131681
          ],
          [
            26.136229,
            44.437588,
            77.918467
          ],
          [
            26.135958,
            44.437994,
            80.279285
          ],
          [
            26.135813,
            44.438211,
            81.092847
          ],
          [
            26.135526,
            44.438611,
            81.784235
          ],
          [
            26.135239,
            44.439011,
            81.087589
          ],
          [
            26.134951,
            44.439412,
            80.401907
          ],
          [
            26.134707,
            44.439751,
            79.78814
          ],
          [
            26.134371,
            44.440131,
            81.162792
          ],
          [
            26.134365,
            44.440138,
            81.197856
          ],
          [
            26.134015,
            44.440475,
            83.898375
          ],
          [
            26.13368,
            44.440724,
            84.519408
          ],
          [
            26.133323,
            44.440961,
            84.376044
          ],
          [
            26.132883,
            44.441283,
            82.150937
          ],
          [
            26.132443,
            44.441604,
            83.825707
          ],
          [
            26.132321,
            44.441694,
            84.893426
          ]
        ],
        "type": "LineString"
      },
      "id": "a1c5976b8b0b6ab62b6c2ef9bae0361f"
    },
    {
      "type": "Feature",
      "properties": {
        "id": 5,
        "name": "Ștefan cel Mare",
        "line": "M1"
      },
      "geometry": {
        "coordinates": [
          26.104695,
          44.452935,
          84.706277
        ],
        "type": "Point"
      },
      "id": "a7b20f6f551e1a62763be38706134251"
    },
    {
      "type": "Feature",
      "properties": {
        "line": "M1/M3",
        "end1": 17,
        "end2": 18
      },
      "geometry": {
        "coordinates": [
          [
            26.140443,
            44.419369,
            73.4952
          ],
          [
            26.141041,
            44.419228,
            73.798312
          ],
          [
            26.141639,
            44.419088,
            74.967907
          ],
          [
            26.142237,
            44.418948,
            73.37716
          ],
          [
            26.142835,
            44.418807,
            73.43343
          ],
          [
            26.143433,
            44.418667,
            75.453319
          ],
          [
            26.144031,
            44.418526,
            74.021578
          ],
          [
            26.144194,
            44.418488,
            73.612901
          ],
          [
            26.144791,
            44.418347,
            73.302489
          ],
          [
            26.145252,
            44.418238,
            71.616394
          ],
          [
            26.145806,
            44.41804,
            71.322752
          ],
          [
            26.146382,
            44.417858,
            72.997318
          ],
          [
            26.146957,
            44.417675,
            74.427504
          ],
          [
            26.147533,
            44.417493,
            74.076121
          ],
          [
            26.147659,
            44.417453,
            74
          ],
          [
            26.148207,
            44.417231,
            76.94773
          ],
          [
            26.148754,
            44.41701,
            79.619235
          ],
          [
            26.149302,
            44.416788,
            77.515811
          ],
          [
            26.14985,
            44.416567,
            78.331195
          ],
          [
            26.150215,
            44.41642,
            77.546707
          ],
          [
            26.150762,
            44.416197,
            74.043428
          ],
          [
            26.151309,
            44.415974,
            73.923127
          ],
          [
            26.151856,
            44.415752,
            75.920791
          ],
          [
            26.152403,
            44.415529,
            75.569384
          ],
          [
            26.15295,
            44.415307,
            73.407235
          ],
          [
            26.15335,
            44.415144,
            71.513712
          ],
          [
            26.153896,
            44.414922,
            70.035402
          ],
          [
            26.154443,
            44.414699,
            72.397265
          ],
          [
            26.15499,
            44.414476,
            74.091513
          ],
          [
            26.155307,
            44.414347,
            74.618398
          ],
          [
            26.155894,
            44.414185,
            73.41154
          ],
          [
            26.156233,
            44.414091,
            71.706367
          ],
          [
            26.156839,
            44.413968,
            70.846106
          ],
          [
            26.157078,
            44.413919,
            70.713124
          ],
          [
            26.157698,
            44.413837,
            70.48483
          ],
          [
            26.158092,
            44.413786,
            70.266645
          ],
          [
            26.158716,
            44.413728,
            71.240029
          ],
          [
            26.15934,
            44.413669,
            72.18317
          ],
          [
            26.159414,
            44.413662,
            72.127058
          ],
          [
            26.160039,
            44.413614,
            71.635691
          ],
          [
            26.16061,
            44.41357,
            71.35422
          ]
        ],
        "type": "LineString"
      },
      "id": "a835862978fdce100a73831d5c3fb1bc"
    },
    {
      "type": "Feature",
      "properties": {
        "line": "M1",
        "end1": 11,
        "end2": 12
      },
      "geometry": {
        "coordinates": [
          [
            26.060356,
            44.442732,
            72.867896
          ],
          [
            26.060959,
            44.442601,
            72.920902
          ],
          [
            26.061561,
            44.44247,
            73.416535
          ],
          [
            26.061719,
            44.442436,
            73.160073
          ],
          [
            26.0623,
            44.442263,
            72.219542
          ],
          [
            26.062672,
            44.442152,
            72
          ],
          [
            26.063165,
            44.441871,
            72.675704
          ],
          [
            26.063293,
            44.441799,
            73.2338
          ],
          [
            26.06379,
            44.441523,
            75.129267
          ],
          [
            26.064201,
            44.441294,
            76.589227
          ],
          [
            26.0647,
            44.441019,
            78.685038
          ],
          [
            26.065198,
            44.440745,
            76.849332
          ],
          [
            26.065697,
            44.44047,
            75.6846
          ],
          [
            26.066195,
            44.440195,
            75.167531
          ],
          [
            26.066694,
            44.439921,
            74.420729
          ],
          [
            26.067193,
            44.439646,
            74.158731
          ],
          [
            26.067385,
            44.43954,
            74
          ],
          [
            26.067878,
            44.43926,
            74.234335
          ],
          [
            26.068371,
            44.43898,
            74.018291
          ],
          [
            26.068864,
            44.438701,
            72.784395
          ],
          [
            26.069357,
            44.438421,
            71.645076
          ],
          [
            26.069851,
            44.438141,
            71.441066
          ],
          [
            26.070152,
            44.43797,
            72.103858
          ],
          [
            26.070652,
            44.437697,
            71.495813
          ],
          [
            26.071153,
            44.437424,
            71.994884
          ],
          [
            26.071653,
            44.43715,
            72.278061
          ],
          [
            26.072153,
            44.436877,
            71.179396
          ],
          [
            26.072653,
            44.436604,
            74.038322
          ],
          [
            26.072731,
            44.436561,
            75.033477
          ],
          [
            26.073193,
            44.436256,
            77.029465
          ],
          [
            26.073655,
            44.43595,
            73.900072
          ],
          [
            26.073689,
            44.435927,
            73.664382
          ],
          [
            26.074182,
            44.435647,
            70.592617
          ],
          [
            26.074239,
            44.435614,
            70.302944
          ],
          [
            26.074789,
            44.435394,
            69.968837
          ],
          [
            26.075338,
            44.435174,
            70.634792
          ],
          [
            26.075642,
            44.435052,
            73.070066
          ]
        ],
        "type": "LineString"
      },
      "id": "a943088839ace39586e1e523c236e775"
    },
    {
      "type": "Feature",
      "properties": {
        "id": 14,
        "name": "Piața Unirii 1",
        "line": "M1/M3"
      },
      "geometry": {
        "coordinates": [
          26.101921,
          44.42754,
          70.646645
        ],
        "type": "Point"
      },
      "id": "ab010f22a0d6774aeb428fd74503fba7"
    },
    {
      "type": "Feature",
      "properties": {
        "id": 2,
        "name": "Piața Muncii",
        "line": "M1"
      },
      "geometry": {
        "coordinates": [
          26.13867,
          44.431829,
          76.048137
        ],
        "type": "Point"
      },
      "id": "af0af82f31e64948cee9f1d2cb95e8d3"
    },
    {
      "type": "Feature",
      "properties": {
        "id": 36,
        "name": "Berceni",
        "line": "M2"
      },
      "geometry": {
        "coordinates": [
          26.149288,
          44.361261,
          77.05951
        ],
        "type": "Point"
      },
      "id": "b3d5479c6d31afef07284ba7d2dbc71b"
    },
    {
      "type": "Feature",
      "properties": {
        "line": "M1/M3",
        "end1": 14,
        "end2": 15
      },
      "geometry": {
        "coordinates": [
          [
            26.101921,
            44.42754,
            70.646645
          ],
          [
            26.102264,
            44.427163,
            70.634504
          ],
          [
            26.102608,
            44.426787,
            72.929775
          ],
          [
            26.102942,
            44.42642,
            72.059307
          ],
          [
            26.103149,
            44.426171,
            72.607449
          ],
          [
            26.10337,
            44.425961,
            74.247072
          ],
          [
            26.103655,
            44.425836,
            73.060974
          ],
          [
            26.104032,
            44.425773,
            70.85208
          ],
          [
            26.104659,
            44.425734,
            69.621844
          ],
          [
            26.105016,
            44.425711,
            71.65751
          ],
          [
            26.105645,
            44.425695,
            78.487321
          ],
          [
            26.106275,
            44.425679,
            72.1952
          ],
          [
            26.106573,
            44.425671,
            68.882013
          ],
          [
            26.107194,
            44.425597,
            68.0224
          ],
          [
            26.107507,
            44.425559,
            69.450161
          ],
          [
            26.108057,
            44.425342,
            70.042247
          ],
          [
            26.108063,
            44.425339,
            70.051581
          ],
          [
            26.108307,
            44.425208,
            70.851788
          ],
          [
            26.108546,
            44.425031,
            72.400429
          ],
          [
            26.108684,
            44.424893,
            72.938418
          ],
          [
            26.108831,
            44.424693,
            74.155061
          ],
          [
            26.108946,
            44.424493,
            74.711006
          ],
          [
            26.109105,
            44.424058,
            72.281408
          ],
          [
            26.109264,
            44.423622,
            69.376125
          ],
          [
            26.109292,
            44.423547,
            69.432705
          ],
          [
            26.109464,
            44.423115,
            70.805664
          ],
          [
            26.109636,
            44.422682,
            71.201549
          ],
          [
            26.109808,
            44.42225,
            70.786101
          ],
          [
            26.109869,
            44.422097,
            70.33824
          ],
          [
            26.110038,
            44.421664,
            70.100157
          ],
          [
            26.110208,
            44.421231,
            69.126345
          ],
          [
            26.110378,
            44.420798,
            69.622034
          ],
          [
            26.110547,
            44.420365,
            73.446961
          ],
          [
            26.110717,
            44.419932,
            72.02537
          ],
          [
            26.110789,
            44.419746,
            71.115988
          ],
          [
            26.110953,
            44.419363,
            71.640208
          ],
          [
            26.111251,
            44.418966,
            68.984827
          ],
          [
            26.111321,
            44.418873,
            68.16235
          ],
          [
            26.11167,
            44.418512,
            67.715728
          ],
          [
            26.112046,
            44.418151,
            69.235392
          ],
          [
            26.112421,
            44.41779,
            69.9
          ],
          [
            26.112625,
            44.417595,
            69.686251
          ],
          [
            26.113021,
            44.417245,
            68.375956
          ],
          [
            26.113347,
            44.416957,
            67.488457
          ]
        ],
        "type": "LineString"
      },
      "id": "b537ad033d0f55d69d3d1dd76770f020"
    },
    {
      "type": "Feature",
      "properties": {
        "id": 54,
        "name": "Eroilor 2",
        "line": "M5"
      },
      "geometry": {
        "coordinates": [
          26.073836,
          44.434839,
          73.335984
        ],
        "type": "Point"
      },
      "id": "b62eafd2a3bbc718e0a0d40135d6ab24"
    },
    {
      "type": "Feature",
      "properties": {
        "id": 50,
        "name": "Jiului",
        "line": "M4"
      },
      "geometry": {
        "coordinates": [
          26.041535,
          44.481549,
          87.736593
        ],
        "type": "Point"
      },
      "id": "b6a66c07c168a8f353693ad0b94971b6"
    },
    {
      "type": "Feature",
      "properties": {
        "line": "M4",
        "end1": 49,
        "end2": 50
      },
      "geometry": {
        "coordinates": [
          [
            26.050627,
            44.470534,
            91.580843
          ],
          [
            26.050318,
            44.470926,
            90.765096
          ],
          [
            26.05001,
            44.471318,
            89.443122
          ],
          [
            26.049701,
            44.47171,
            90.402827
          ],
          [
            26.049566,
            44.471881,
            91.18716
          ],
          [
            26.049256,
            44.472273,
            94.439412
          ],
          [
            26.048967,
            44.472639,
            95.414333
          ],
          [
            26.048659,
            44.473031,
            92.226712
          ],
          [
            26.04839,
            44.473374,
            92.458284
          ],
          [
            26.048099,
            44.473773,
            93.558739
          ],
          [
            26.047881,
            44.474072,
            92.441495
          ],
          [
            26.047624,
            44.474418,
            88.049638
          ],
          [
            26.047439,
            44.474848,
            87.565849
          ],
          [
            26.047368,
            44.475014,
            87.819599
          ],
          [
            26.047167,
            44.475441,
            88.500328
          ],
          [
            26.047113,
            44.475555,
            88.6
          ],
          [
            26.046968,
            44.475816,
            88.71521
          ],
          [
            26.046616,
            44.476146,
            88.533806
          ],
          [
            26.046307,
            44.476353,
            88.37567
          ],
          [
            26.045832,
            44.476649,
            88
          ],
          [
            26.045772,
            44.476686,
            88
          ],
          [
            26.045307,
            44.47699,
            87.782755
          ],
          [
            26.045294,
            44.476999,
            87.767939
          ],
          [
            26.045024,
            44.477181,
            87.537739
          ],
          [
            26.044811,
            44.477478,
            88.553474
          ],
          [
            26.044503,
            44.47787,
            89.280716
          ],
          [
            26.044195,
            44.478263,
            89.775511
          ],
          [
            26.043887,
            44.478655,
            89.786159
          ],
          [
            26.043696,
            44.478899,
            89.842329
          ],
          [
            26.043386,
            44.479291,
            88.238886
          ],
          [
            26.043076,
            44.479683,
            88
          ],
          [
            26.042767,
            44.480074,
            87.533852
          ],
          [
            26.042499,
            44.480413,
            88.686143
          ],
          [
            26.042173,
            44.480798,
            89.667233
          ],
          [
            26.041848,
            44.481183,
            87.347026
          ],
          [
            26.041537,
            44.48155,
            87.729282
          ]
        ],
        "type": "LineString"
      },
      "id": "b74f10438c2b62114769cd17b702cea9"
    },
    {
      "type": "Feature",
      "properties": {
        "id": 22,
        "name": "Pantelimon",
        "line": "M1"
      },
      "geometry": {
        "coordinates": [
          26.192397,
          44.440632,
          75.422154
        ],
        "type": "Point"
      },
      "id": "bdcdea83e795dfaac056f13f8ca164ae"
    },
    {
      "type": "Feature",
      "properties": {
        "id": 23,
        "name": "Pipera",
        "line": "M2"
      },
      "geometry": {
        "coordinates": [
          26.11665,
          44.480609,
          85.996659
        ],
        "type": "Point"
      },
      "id": "bfec1e2ec622a643a0cd8595054f400b"
    },
    {
      "type": "Feature",
      "properties": {
        "line": "M3",
        "end1": 42,
        "end2": 12
      },
      "geometry": {
        "coordinates": [
          [
            26.055399,
            44.435273,
            82.811871
          ],
          [
            26.055896,
            44.435548,
            83.933868
          ],
          [
            26.056394,
            44.435824,
            84.157232
          ],
          [
            26.056892,
            44.436099,
            83.760113
          ],
          [
            26.057389,
            44.436375,
            85.263586
          ],
          [
            26.057668,
            44.436529,
            85.911798
          ],
          [
            26.058177,
            44.436793,
            83.794561
          ],
          [
            26.058687,
            44.437057,
            84.681914
          ],
          [
            26.059151,
            44.437297,
            82.25966
          ],
          [
            26.059631,
            44.437587,
            83.229212
          ],
          [
            26.059662,
            44.437606,
            83.370186
          ],
          [
            26.0602,
            44.437839,
            83.105942
          ],
          [
            26.060511,
            44.437974,
            82.944583
          ],
          [
            26.061056,
            44.438199,
            79.777123
          ],
          [
            26.061601,
            44.438425,
            76.166151
          ],
          [
            26.062001,
            44.43859,
            76.48383
          ],
          [
            26.062574,
            44.438778,
            75.312674
          ],
          [
            26.062705,
            44.438821,
            75.147155
          ],
          [
            26.063133,
            44.438907,
            75.952851
          ],
          [
            26.063756,
            44.438972,
            78.188176
          ],
          [
            26.064311,
            44.439029,
            77.419659
          ],
          [
            26.06494,
            44.439033,
            77.854013
          ],
          [
            26.064978,
            44.439033,
            77.926353
          ],
          [
            26.065588,
            44.438922,
            75.998736
          ],
          [
            26.066036,
            44.43884,
            76.176994
          ],
          [
            26.066633,
            44.438697,
            75.310685
          ],
          [
            26.067231,
            44.438555,
            74.516574
          ],
          [
            26.067628,
            44.43846,
            74.518524
          ],
          [
            26.068227,
            44.438321,
            73.622534
          ],
          [
            26.068827,
            44.438183,
            73.014451
          ],
          [
            26.069426,
            44.438045,
            73.551132
          ],
          [
            26.069495,
            44.438029,
            73.611934
          ],
          [
            26.07003,
            44.437791,
            74.283621
          ],
          [
            26.070157,
            44.437735,
            73.918123
          ],
          [
            26.07066,
            44.437465,
            71.610441
          ],
          [
            26.071164,
            44.437195,
            72.344968
          ],
          [
            26.071667,
            44.436924,
            72.542135
          ],
          [
            26.071728,
            44.436892,
            72.512255
          ],
          [
            26.072231,
            44.436621,
            72.288872
          ],
          [
            26.072734,
            44.43635,
            78.117721
          ],
          [
            26.073084,
            44.436162,
            77.671948
          ],
          [
            26.073599,
            44.435903,
            73.86082
          ],
          [
            26.073849,
            44.435777,
            72.369348
          ],
          [
            26.074396,
            44.435554,
            70.001133
          ],
          [
            26.074943,
            44.435331,
            69.9
          ],
          [
            26.075489,
            44.435108,
            71.800173
          ],
          [
            26.075641,
            44.435046,
            73.081238
          ]
        ],
        "type": "LineString"
      },
      "id": "c138f86902b242cb3c988692b3764d03"
    },
    {
      "type": "Feature",
      "properties": {
        "id": 24,
        "name": "Aurel Vlaicu",
        "line": "M2"
      },
      "geometry": {
        "coordinates": [
          26.100221,
          44.479155,
          79.815291
        ],
        "type": "Point"
      },
      "id": "c4342bdcb88cfc4e2bf7d892a45a576a"
    },
    {
      "type": "Feature",
      "properties": {
        "id": 1,
        "name": "Dristor 2",
        "line": "M1"
      },
      "geometry": {
        "coordinates": [
          26.139548,
          44.420091,
          72.377621
        ],
        "type": "Point"
      },
      "id": "c7418e8b25be01a6070040bfc3136528"
    },
    {
      "type": "Feature",
      "properties": {
        "line": "M5",
        "end1": 55,
        "end2": 56
      },
      "geometry": {
        "coordinates": [
          [
            26.06287,
            44.428932,
            83.582267
          ],
          [
            26.062363,
            44.428665,
            86.390379
          ],
          [
            26.061855,
            44.428399,
            86.013207
          ],
          [
            26.061705,
            44.428319,
            85.908062
          ],
          [
            26.061167,
            44.428085,
            86.545083
          ],
          [
            26.060648,
            44.427859,
            86.201927
          ],
          [
            26.060154,
            44.427581,
            87.657969
          ],
          [
            26.060095,
            44.427548,
            87.86391
          ],
          [
            26.059623,
            44.42725,
            87.880132
          ],
          [
            26.059599,
            44.427235,
            87.834226
          ],
          [
            26.059202,
            44.426886,
            87.560961
          ],
          [
            26.059157,
            44.426847,
            87.594537
          ],
          [
            26.058785,
            44.426485,
            88.057583
          ],
          [
            26.058733,
            44.426435,
            88.072768
          ],
          [
            26.058575,
            44.426318,
            87.924185
          ],
          [
            26.058319,
            44.426221,
            87.853848
          ],
          [
            26.057943,
            44.426139,
            87.767865
          ],
          [
            26.057409,
            44.426065,
            88.550993
          ],
          [
            26.056789,
            44.425988,
            90.533136
          ],
          [
            26.056169,
            44.42591,
            90.243383
          ],
          [
            26.055888,
            44.425875,
            90.003428
          ]
        ],
        "type": "LineString"
      },
      "id": "cab6adb7663b8265bdb44121429bd44d"
    },
    {
      "type": "Feature",
      "properties": {
        "line": "M1",
        "end1": 20,
        "end2": 21
      },
      "geometry": {
        "coordinates": [
          [
            26.169143,
            44.435114,
            77.97701
          ],
          [
            26.16931,
            44.435547,
            77.793267
          ],
          [
            26.169434,
            44.435869,
            77.9
          ],
          [
            26.169535,
            44.436076,
            77.791384
          ],
          [
            26.169744,
            44.436306,
            77.531855
          ],
          [
            26.16998,
            44.436462,
            77.363029
          ],
          [
            26.170171,
            44.436575,
            77.266113
          ],
          [
            26.170561,
            44.436696,
            77
          ],
          [
            26.171007,
            44.436773,
            76.79628
          ],
          [
            26.171384,
            44.43679,
            76.528902
          ],
          [
            26.171661,
            44.436793,
            76.536534
          ],
          [
            26.172263,
            44.436661,
            76.69738
          ],
          [
            26.172865,
            44.43653,
            76.001225
          ],
          [
            26.173468,
            44.436399,
            76.100774
          ],
          [
            26.17407,
            44.436267,
            75.814081
          ],
          [
            26.174351,
            44.436206,
            75.011054
          ],
          [
            26.174955,
            44.436078,
            74.380529
          ],
          [
            26.175559,
            44.43595,
            75.681916
          ],
          [
            26.176163,
            44.435823,
            77.197029
          ],
          [
            26.176767,
            44.435695,
            76.677461
          ],
          [
            26.17737,
            44.435568,
            76.116444
          ],
          [
            26.177671,
            44.435504,
            75.802151
          ],
          [
            26.178279,
            44.435387,
            75.04774
          ],
          [
            26.178887,
            44.435271,
            74.600321
          ],
          [
            26.179495,
            44.435154,
            75.870541
          ],
          [
            26.180104,
            44.435037,
            77.099857
          ],
          [
            26.180662,
            44.43493,
            77.01725
          ],
          [
            26.181278,
            44.434837,
            76.225606
          ],
          [
            26.18163,
            44.434784,
            76.049704
          ],
          [
            26.182259,
            44.434776,
            75.448911
          ],
          [
            26.182584,
            44.434771,
            75.408865
          ],
          [
            26.182584,
            44.434771,
            75.408865
          ],
          [
            26.183213,
            44.434782,
            74.418241
          ],
          [
            26.183219,
            44.434782,
            74.404289
          ],
          [
            26.183846,
            44.434753,
            75.953844
          ],
          [
            26.183846,
            44.434753,
            75.953844
          ],
          [
            26.184456,
            44.43464,
            75.911186
          ],
          [
            26.184532,
            44.434626,
            75.771699
          ],
          [
            26.184532,
            44.434626,
            75.771699
          ],
          [
            26.185037,
            44.4345,
            74.38167
          ],
          [
            26.185314,
            44.434415,
            74.38696
          ]
        ],
        "type": "LineString"
      },
      "id": "d57e397ea4ddeaf07a3de50fb7e6825d"
    },
    {
      "type": "Feature",
      "properties": {
        "id": 7,
        "name": "Gara de Nord 1",
        "line": "M1"
      },
      "geometry": {
        "coordinates": [
          26.076558,
          44.447232,
          82.33698
        ],
        "type": "Point"
      },
      "id": "d60f7fc1f5739ff36bd6dd84fb0aa545"
    },
    {
      "type": "Feature",
      "properties": {
        "line": "M2",
        "end1": 26,
        "end2": 27
      },
      "geometry": {
        "coordinates": [
          [
            26.086433,
            44.452611,
            84.238317
          ],
          [
            26.086604,
            44.452305,
            81.569974
          ],
          [
            26.086831,
            44.452124,
            81.239363
          ],
          [
            26.087207,
            44.451922,
            83.061424
          ],
          [
            26.08766,
            44.451698,
            86.075264
          ],
          [
            26.088174,
            44.451438,
            86.233428
          ],
          [
            26.088689,
            44.451179,
            85.125184
          ],
          [
            26.089203,
            44.450919,
            86.005913
          ],
          [
            26.089718,
            44.45066,
            85.488041
          ],
          [
            26.090232,
            44.4504,
            87.806457
          ],
          [
            26.090746,
            44.450141,
            87.006086
          ],
          [
            26.091261,
            44.449882,
            84.48726
          ],
          [
            26.091775,
            44.449622,
            85.604283
          ],
          [
            26.09229,
            44.449363,
            87.054402
          ],
          [
            26.092804,
            44.449103,
            87.37028
          ],
          [
            26.093319,
            44.448844,
            84.441821
          ],
          [
            26.093833,
            44.448584,
            84.381248
          ],
          [
            26.094348,
            44.448325,
            85.334252
          ],
          [
            26.094862,
            44.448065,
            85.274934
          ],
          [
            26.095377,
            44.447806,
            86.849062
          ],
          [
            26.095891,
            44.447547,
            87.858982
          ],
          [
            26.096287,
            44.447347,
            86.947803
          ],
          [
            26.096713,
            44.447126,
            85.846571
          ],
          [
            26.096835,
            44.447031,
            85.261165
          ],
          [
            26.096928,
            44.446909,
            85
          ],
          [
            26.097078,
            44.446629,
            85.695631
          ],
          [
            26.097285,
            44.446204,
            87.806588
          ],
          [
            26.097492,
            44.44578,
            89.001709
          ],
          [
            26.0977,
            44.445355,
            90.115931
          ],
          [
            26.097701,
            44.445352,
            90.107589
          ]
        ],
        "type": "LineString"
      },
      "id": "d9bb6cbf718d6288d6f014195c48be89"
    },
    {
      "type": "Feature",
      "properties": {
        "line": "M5",
        "end1": 58,
        "end2": 59
      },
      "geometry": {
        "coordinates": [
          [
            26.041299,
            44.423064,
            87.708767
          ],
          [
            26.040697,
            44.422933,
            87.493905
          ],
          [
            26.040095,
            44.422802,
            86.858492
          ],
          [
            26.039519,
            44.422676,
            86.191696
          ],
          [
            26.038903,
            44.422581,
            85.321822
          ],
          [
            26.038733,
            44.422554,
            85.130314
          ],
          [
            26.038111,
            44.422486,
            85
          ],
          [
            26.037625,
            44.422432,
            85
          ],
          [
            26.037005,
            44.422357,
            85.980914
          ],
          [
            26.036612,
            44.42231,
            86.21168
          ],
          [
            26.035984,
            44.42227,
            86
          ],
          [
            26.035357,
            44.42223,
            85.871091
          ],
          [
            26.03522,
            44.422222,
            85.3908
          ],
          [
            26.03459,
            44.422215,
            85
          ],
          [
            26.033961,
            44.422209,
            85.57397
          ],
          [
            26.033859,
            44.422208,
            85.874149
          ],
          [
            26.033229,
            44.422222,
            89.321048
          ],
          [
            26.033086,
            44.422225,
            89.759976
          ]
        ],
        "type": "LineString"
      },
      "id": "daf0458b1ef82196567b097c9b8cb417"
    },
    {
      "type": "Feature",
      "properties": {
        "line": "M2",
        "end1": 35,
        "end2": 36
      },
      "geometry": {
        "coordinates": [
          [
            26.143584,
            44.368826,
            77.137774
          ],
          [
            26.143875,
            44.368428,
            77.294991
          ],
          [
            26.144166,
            44.368029,
            75.5329
          ],
          [
            26.144457,
            44.36763,
            74.569938
          ],
          [
            26.144606,
            44.367425,
            74.729666
          ],
          [
            26.14491,
            44.367032,
            74.725584
          ],
          [
            26.145214,
            44.366638,
            74.097824
          ],
          [
            26.145518,
            44.366244,
            75.322806
          ],
          [
            26.145785,
            44.3659,
            75.010239
          ],
          [
            26.146077,
            44.365501,
            78.555543
          ],
          [
            26.14637,
            44.365103,
            80.452429
          ],
          [
            26.146621,
            44.364761,
            79.270824
          ],
          [
            26.146919,
            44.364365,
            77.948748
          ],
          [
            26.147216,
            44.363969,
            79.542013
          ],
          [
            26.147514,
            44.363572,
            79.211266
          ],
          [
            26.14781,
            44.363179,
            81.638495
          ],
          [
            26.148113,
            44.362785,
            78.640611
          ],
          [
            26.148417,
            44.362391,
            79.08103
          ],
          [
            26.148721,
            44.361997,
            77.748935
          ],
          [
            26.149024,
            44.361603,
            77.33172
          ],
          [
            26.149288,
            44.361261,
            77.05951
          ]
        ],
        "type": "LineString"
      },
      "id": "db9f7c614bf9f7b405240fce9fba3802"
    },
    {
      "type": "Feature",
      "properties": {
        "id": 44,
        "name": "Nicolae Teclu",
        "line": "M3"
      },
      "geometry": {
        "coordinates": [
          26.194396,
          44.407293,
          66.946206
        ],
        "type": "Point"
      },
      "id": "dc9ce1926b7e89a6824abebf82289266"
    },
    {
      "type": "Feature",
      "properties": {
        "id": 34,
        "name": "Apărătorii Patriei",
        "line": "M2"
      },
      "geometry": {
        "coordinates": [
          26.135067,
          44.379384,
          77.482866
        ],
        "type": "Point"
      },
      "id": "dcf28f4aa62e8e55376038083aa36401"
    },
    {
      "type": "Feature",
      "properties": {
        "id": 27,
        "name": "Piața Romană",
        "line": "M2"
      },
      "geometry": {
        "coordinates": [
          26.097704,
          44.445349,
          90.089922
        ],
        "type": "Point"
      },
      "id": "dddf579e034f7a033895dfbc035224cf"
    },
    {
      "type": "Feature",
      "properties": {
        "id": 20,
        "name": "Costin Georgian",
        "line": "M1"
      },
      "geometry": {
        "coordinates": [
          26.169143,
          44.435114,
          77.97701
        ],
        "type": "Point"
      },
      "id": "dfb1702d3108024b392923796d8cd8a0"
    },
    {
      "type": "Feature",
      "properties": {
        "line": "M4",
        "end1": 51,
        "end2": 52
      },
      "geometry": {
        "coordinates": [
          [
            26.037575,
            44.48663,
            93.384265
          ],
          [
            26.037267,
            44.487023,
            93.12805
          ],
          [
            26.036959,
            44.487415,
            92.943128
          ],
          [
            26.036652,
            44.487807,
            93.986112
          ],
          [
            26.036344,
            44.4882,
            94.432628
          ],
          [
            26.036036,
            44.488592,
            93.223282
          ],
          [
            26.035729,
            44.488985,
            93.054302
          ],
          [
            26.035716,
            44.489001,
            93.092293
          ],
          [
            26.035412,
            44.489395,
            94.949076
          ],
          [
            26.035109,
            44.489789,
            95.767102
          ],
          [
            26.034805,
            44.490183,
            96.75376
          ],
          [
            26.034501,
            44.490577,
            97.678486
          ],
          [
            26.034208,
            44.490957,
            95.75355
          ],
          [
            26.033938,
            44.491364,
            92.244961
          ],
          [
            26.033857,
            44.491486,
            91.187296
          ],
          [
            26.033611,
            44.4919,
            89.756973
          ],
          [
            26.033467,
            44.492142,
            90.898147
          ],
          [
            26.033233,
            44.49256,
            91.226202
          ],
          [
            26.032999,
            44.492977,
            89.289473
          ],
          [
            26.032887,
            44.493177,
            88.039738
          ],
          [
            26.032562,
            44.493562,
            89.014926
          ],
          [
            26.032271,
            44.493908,
            90.548046
          ],
          [
            26.031976,
            44.494305,
            90
          ],
          [
            26.031955,
            44.494334,
            90
          ]
        ],
        "type": "LineString"
      },
      "id": "e1234904bfc30b3f025e4b05d5b2e354"
    },
    {
      "type": "Feature",
      "properties": {
        "id": 11,
        "name": "Grozăvești",
        "line": "M1"
      },
      "geometry": {
        "coordinates": [
          26.060356,
          44.442732,
          72.867896
        ],
        "type": "Point"
      },
      "id": "e1be4f4a57cdaf312de6eb7acd0c1bcd"
    },
    {
      "type": "Feature",
      "properties": {
        "line": "M3",
        "end1": 43,
        "end2": 44
      },
      "geometry": {
        "coordinates": [
          [
            26.173794,
            44.410555,
            74.032981
          ],
          [
            26.174408,
            44.410454,
            74.036083
          ],
          [
            26.175021,
            44.410352,
            74.445874
          ],
          [
            26.175634,
            44.410251,
            72.603496
          ],
          [
            26.176247,
            44.410149,
            73.317603
          ],
          [
            26.176861,
            44.410048,
            74.37922
          ],
          [
            26.177377,
            44.409962,
            72.633271
          ],
          [
            26.177993,
            44.409869,
            71.027053
          ],
          [
            26.178609,
            44.409775,
            70.219368
          ],
          [
            26.179224,
            44.409682,
            70.388226
          ],
          [
            26.17984,
            44.409588,
            70.537446
          ],
          [
            26.180456,
            44.409495,
            70
          ],
          [
            26.181072,
            44.409402,
            69.505667
          ],
          [
            26.181687,
            44.409308,
            68.760835
          ],
          [
            26.182303,
            44.409215,
            68.272034
          ],
          [
            26.182919,
            44.409121,
            69.323808
          ],
          [
            26.183534,
            44.409028,
            71.457422
          ],
          [
            26.183765,
            44.408993,
            72.158112
          ],
          [
            26.184379,
            44.408894,
            71.411435
          ],
          [
            26.184994,
            44.408795,
            70.505507
          ],
          [
            26.185608,
            44.408697,
            70.473702
          ],
          [
            26.186222,
            44.408598,
            70
          ],
          [
            26.186836,
            44.408499,
            69.185366
          ],
          [
            26.18745,
            44.408401,
            69.317495
          ],
          [
            26.188064,
            44.408302,
            68.050214
          ],
          [
            26.188678,
            44.408203,
            67.944246
          ],
          [
            26.189292,
            44.408104,
            69.340997
          ],
          [
            26.189906,
            44.408006,
            69.9
          ],
          [
            26.19052,
            44.407907,
            69.008238
          ],
          [
            26.191135,
            44.407808,
            71.568028
          ],
          [
            26.191196,
            44.407798,
            71.712367
          ],
          [
            26.191811,
            44.407701,
            70.213406
          ],
          [
            26.192426,
            44.407604,
            69.103105
          ],
          [
            26.19304,
            44.407507,
            68.588733
          ],
          [
            26.193655,
            44.407409,
            68.203291
          ],
          [
            26.194269,
            44.407312,
            67.21576
          ],
          [
            26.194396,
            44.407292,
            66.948904
          ]
        ],
        "type": "LineString"
      },
      "id": "e7df36b3ec60ffffa804bcc69528d39e"
    },
    {
      "type": "Feature",
      "properties": {
        "id": 63,
        "name": "Valea Ialomiței",
        "line": "M5"
      },
      "geometry": {
        "coordinates": [
          26.014438,
          44.42111,
          89.187572
        ],
        "type": "Point"
      },
      "id": "e89fe0f7bdb3fae3b1ec559a8b432e7b"
    },
    {
      "type": "Feature",
      "properties": {
        "line": "M2",
        "end1": 36,
        "end2": 37
      },
      "geometry": {
        "coordinates": [
          [
            26.149288,
            44.361261,
            77.05951
          ],
          [
            26.149589,
            44.360866,
            78.779169
          ],
          [
            26.14989,
            44.360471,
            78.325983
          ],
          [
            26.150191,
            44.360076,
            77.03783
          ],
          [
            26.150492,
            44.359682,
            76.478022
          ],
          [
            26.15071,
            44.359396,
            75.545985
          ],
          [
            26.151003,
            44.358998,
            75.456816
          ],
          [
            26.151295,
            44.3586,
            74.190498
          ],
          [
            26.15134,
            44.358539,
            73.886095
          ],
          [
            26.151556,
            44.358257,
            72.8573
          ],
          [
            26.151821,
            44.357849,
            73.059095
          ],
          [
            26.151986,
            44.357595,
            73.775772
          ],
          [
            26.15228,
            44.357197,
            72.124945
          ],
          [
            26.152289,
            44.357185,
            72.065513
          ],
          [
            26.15259,
            44.356791,
            72.027255
          ],
          [
            26.152892,
            44.356396,
            73.956023
          ],
          [
            26.153193,
            44.356001,
            73.337592
          ],
          [
            26.153495,
            44.355607,
            71.736505
          ],
          [
            26.153796,
            44.355212,
            73.372608
          ],
          [
            26.154098,
            44.354817,
            74.769479
          ],
          [
            26.154145,
            44.354755,
            74.623266
          ],
          [
            26.154446,
            44.354361,
            72.138077
          ],
          [
            26.154746,
            44.353966,
            71.154988
          ],
          [
            26.155047,
            44.353571,
            71.359209
          ],
          [
            26.155348,
            44.353176,
            72.486529
          ],
          [
            26.155648,
            44.352781,
            72.571143
          ],
          [
            26.155949,
            44.352386,
            72.822019
          ],
          [
            26.15625,
            44.351991,
            74.546384
          ],
          [
            26.15655,
            44.351596,
            75.030893
          ],
          [
            26.156851,
            44.351201,
            73.339325
          ],
          [
            26.157152,
            44.350806,
            73.605372
          ],
          [
            26.157452,
            44.350411,
            73.353549
          ],
          [
            26.157753,
            44.350016,
            73.643809
          ],
          [
            26.158054,
            44.349621,
            72.148584
          ],
          [
            26.158354,
            44.349227,
            72.595472
          ],
          [
            26.158655,
            44.348832,
            73.282427
          ],
          [
            26.158956,
            44.348437,
            73.146591
          ],
          [
            26.159256,
            44.348042,
            72.65604
          ],
          [
            26.159259,
            44.348039,
            72.65149
          ]
        ],
        "type": "LineString"
      },
      "id": "ea24919456ae14889da6db04a954b57a"
    },
    {
      "type": "Feature",
      "properties": {
        "id": 35,
        "name": "Dimitrie Leonida",
        "line": "M2"
      },
      "geometry": {
        "coordinates": [
          26.143584,
          44.368826,
          77.137774
        ],
        "type": "Point"
      },
      "id": "ec5330ac492d731b41dab56bcbdda40b"
    },
    {
      "type": "Feature",
      "properties": {
        "id": 6,
        "name": "Piața Victoriei 2",
        "line": "M1"
      },
      "geometry": {
        "coordinates": [
          26.087082,
          44.451947,
          82.671908
        ],
        "type": "Point"
      },
      "id": "ee8e65c706b36846683b9230bebc0be3"
    },
    {
      "type": "Feature",
      "properties": {
        "line": "M4",
        "end1": 48,
        "end2": 49
      },
      "geometry": {
        "coordinates": [
          [
            26.057492,
            44.461761,
            89.067913
          ],
          [
            26.057188,
            44.462155,
            88.175468
          ],
          [
            26.056883,
            44.462548,
            89.571036
          ],
          [
            26.056578,
            44.462942,
            89.317425
          ],
          [
            26.056273,
            44.463335,
            88.688671
          ],
          [
            26.055969,
            44.463729,
            89.05342
          ],
          [
            26.055664,
            44.464122,
            88.861476
          ],
          [
            26.055359,
            44.464516,
            89.612301
          ],
          [
            26.055054,
            44.464909,
            88.096031
          ],
          [
            26.0549,
            44.465108,
            87.737774
          ],
          [
            26.054593,
            44.465501,
            88.39395
          ],
          [
            26.054286,
            44.465893,
            88.895663
          ],
          [
            26.053979,
            44.466286,
            88.697993
          ],
          [
            26.053672,
            44.466679,
            87.339524
          ],
          [
            26.05361,
            44.466757,
            87.15908
          ],
          [
            26.053305,
            44.467151,
            87.036235
          ],
          [
            26.053,
            44.467544,
            87.669926
          ],
          [
            26.052695,
            44.467938,
            89.240208
          ],
          [
            26.05239,
            44.468331,
            89.845142
          ],
          [
            26.052085,
            44.468724,
            89.807002
          ],
          [
            26.05178,
            44.469118,
            91.518919
          ],
          [
            26.051474,
            44.469511,
            89.929576
          ],
          [
            26.051423,
            44.469577,
            89.679278
          ],
          [
            26.051102,
            44.469964,
            90.256532
          ],
          [
            26.05078,
            44.470351,
            91.5
          ],
          [
            26.050629,
            44.470533,
            91.58287
          ]
        ],
        "type": "LineString"
      },
      "id": "f011392aaac1c690255add74eb607121"
    },
    {
      "type": "Feature",
      "properties": {
        "id": 53,
        "name": "Străulești",
        "line": "M4"
      },
      "geometry": {
        "coordinates": [
          26.026237,
          44.501653,
          90.280966
        ],
        "type": "Point"
      },
      "id": "f456d64c909d450b3d774b5baa87d6c4"
    },
    {
      "type": "Feature",
      "properties": {
        "id": 32,
        "name": "Constantin Brâncoveanu",
        "line": "M2"
      },
      "geometry": {
        "coordinates": [
          26.109113,
          44.398639,
          83.341848
        ],
        "type": "Point"
      },
      "id": "f7ff4559db54b9d073f0a1d6b40033e3"
    },
    {
      "type": "Feature",
      "properties": {
        "id": 15,
        "name": "Timpuri Noi",
        "line": "M1/M3"
      },
      "geometry": {
        "coordinates": [
          26.113345,
          44.416956,
          67.49318
        ],
        "type": "Point"
      },
      "id": "fae60cf69b41b059604869b3823a6315"
    },
    {
      "type": "Feature",
      "properties": {
        "line": "M3",
        "end1": 44,
        "end2": 45
      },
      "geometry": {
        "coordinates": [
          [
            26.194396,
            44.407293,
            66.946206
          ],
          [
            26.195009,
            44.407191,
            66.448076
          ],
          [
            26.195622,
            44.40709,
            66.207469
          ],
          [
            26.196235,
            44.406988,
            68.175984
          ],
          [
            26.196803,
            44.406894,
            67.023878
          ],
          [
            26.197417,
            44.406795,
            68.328833
          ],
          [
            26.198031,
            44.406695,
            69.266446
          ],
          [
            26.198645,
            44.406596,
            67.547047
          ],
          [
            26.199258,
            44.406497,
            67.009095
          ],
          [
            26.199872,
            44.406398,
            67.356566
          ],
          [
            26.199948,
            44.406385,
            67.379899
          ],
          [
            26.200565,
            44.406295,
            67.332785
          ],
          [
            26.201181,
            44.406205,
            67.029911
          ],
          [
            26.201798,
            44.406115,
            65.818264
          ],
          [
            26.202414,
            44.406024,
            65.158546
          ],
          [
            26.203031,
            44.405934,
            66.433019
          ],
          [
            26.203648,
            44.405844,
            66
          ],
          [
            26.204264,
            44.405753,
            66.881258
          ],
          [
            26.204549,
            44.405712,
            67
          ],
          [
            26.205169,
            44.405634,
            66.74013
          ],
          [
            26.205789,
            44.405557,
            65.884237
          ],
          [
            26.206409,
            44.40548,
            63.922441
          ],
          [
            26.206686,
            44.405445,
            63.13866
          ],
          [
            26.207313,
            44.405403,
            63.989301
          ],
          [
            26.207699,
            44.405376,
            63.981126
          ],
          [
            26.208329,
            44.405367,
            64.333306
          ],
          [
            26.208584,
            44.405363,
            65.047573
          ],
          [
            26.208918,
            44.405383,
            66.3349
          ]
        ],
        "type": "LineString"
      },
      "id": "fbf67db2a5ecba51a233b0842eed4899"
    },
    {
      "type": "Feature",
      "properties": {
        "id": 8,
        "name": "Basarab 1",
        "line": "M1"
      },
      "geometry": {
        "coordinates": [
          26.068367,
          44.450738,
          81.30971
        ],
        "type": "Point"
      },
      "id": "fc42c44f10e45b864ff76c835f5ce642"
    },
    {
      "type": "Feature",
      "properties": {
        "id": 59,
        "name": "Parc Drumul Taberei",
        "line": "M5"
      },
      "geometry": {
        "coordinates": [
          26.033081,
          44.422224,
          89.757604
        ],
        "type": "Point"
      },
      "id": "ff51f69b5e5a4431dbd8ccde79904973"
    },
    {
      "type": "Feature",
      "properties": {
        "line": "M2",
        "end1": 32,
        "end2": 33
      },
      "geometry": {
        "coordinates": [
          [
            26.109113,
            44.398639,
            83.341848
          ],
          [
            26.109664,
            44.398422,
            83.018376
          ],
          [
            26.110215,
            44.398205,
            82.609773
          ],
          [
            26.110766,
            44.397988,
            81.357762
          ],
          [
            26.111317,
            44.39777,
            81.521113
          ],
          [
            26.111868,
            44.397553,
            81.631271
          ],
          [
            26.112419,
            44.397336,
            82.449514
          ],
          [
            26.112969,
            44.397118,
            83
          ],
          [
            26.11352,
            44.396901,
            83.985301
          ],
          [
            26.114071,
            44.396684,
            85.991921
          ],
          [
            26.114622,
            44.396467,
            85.379466
          ],
          [
            26.115173,
            44.396249,
            86.534167
          ],
          [
            26.115724,
            44.396032,
            85.719698
          ],
          [
            26.116275,
            44.395815,
            85.061176
          ],
          [
            26.116574,
            44.395697,
            85.678258
          ],
          [
            26.11712,
            44.395473,
            85.418126
          ],
          [
            26.117665,
            44.395249,
            84.820682
          ],
          [
            26.118211,
            44.395025,
            84.353177
          ],
          [
            26.118756,
            44.3948,
            85.021846
          ],
          [
            26.119302,
            44.394576,
            84.627084
          ],
          [
            26.119638,
            44.394438,
            82.260874
          ],
          [
            26.120183,
            44.394214,
            79.837641
          ],
          [
            26.120728,
            44.393989,
            80.44781
          ],
          [
            26.121179,
            44.393803,
            80.608141
          ],
          [
            26.121659,
            44.393513,
            80.9
          ],
          [
            26.121818,
            44.393417,
            80.765718
          ],
          [
            26.122076,
            44.393218,
            80.217288
          ],
          [
            26.122442,
            44.392853,
            79.845875
          ],
          [
            26.122808,
            44.392487,
            79.404946
          ],
          [
            26.122845,
            44.39245,
            79.389629
          ]
        ],
        "type": "LineString"
      },
      "id": "ff7078909b0c4f281a303386a50ec4cc"
    }
  ],
  "type": "FeatureCollection"
}